Category,Brand,Type,Item,Notes,Dairy or Pareve,All or Sephardim only
Alcoholic Beverages, Zodiac,Vodka,Vodka,,P,A
Alcoholic Beverages,1519 Tequila,Tequila,Tequila,,P,A
Alcoholic Beverages,1800 Tequila,Tequila,Tequila,,P,A
Alcoholic Beverages,Ace Ciders,Cider,Ace Ciders,,P,A
Alcoholic Beverages,All Brands,Tequila,All 100% Agave Tequilas are fine,,P,A
Alcoholic Beverages,Angry Orchard,Cider,Angry Orchard,,P,A
Alcoholic Beverages,Anheuser-Busch,Beer,Redbridge,,P,A
Alcoholic Beverages,Appleton Estate ,Rum,Jamaica Rum,,P,A
Alcoholic Beverages,Bacardi,Rum,"Bacardi Rum—only Gold, Superior, 151, and flavored",,P,A
Alcoholic Beverages,Bard's,Beer,Beer,,P,A
Alcoholic Beverages,Bayou,Rum,Bayou Rum,,P,A
Alcoholic Beverages,Blackthorn Cider,Cider,Blackthorn Cider,,P,A
Alcoholic Beverages,Blue Mountain Cider Company,Cider,Blue Mountain Cider Company,,P,A
Alcoholic Beverages,Bombora,Vodka,Vodka,,P,A
Alcoholic Beverages,Boyd & Blair,Vodka,Vodka,,P,A
Alcoholic Beverages,Broken Shed,Vodka,Vodka,,P,A
Alcoholic Beverages,Bulmer's Hard Cider,Cider,Bulmer's Hard Cider,,P,A
Alcoholic Beverages,Bundaberg ,Rum,Bundaberg Rum,,P,A
Alcoholic Beverages,Bushman's  ,Vodka ,Vodka ,from Australia (made from 100% cane).,P,A
Alcoholic Beverages,Cabo Wabo,Tequila,Tequila,,P,A
Alcoholic Beverages,Captain Morgan ,Rum,Captain Morgan Rum,,P,A
Alcoholic Beverages,Casamigos,Tequila,Tequila,,P,A
Alcoholic Beverages,Cazadores,Tequila,Tequila,,P,A
Alcoholic Beverages,Chase,Vodka,Vodka,,P,A
Alcoholic Beverages,Chimayo,Tequila,Tequila,,P,A
Alcoholic Beverages,Chopin,Vodka,Vodka,,P,A
Alcoholic Beverages,Chopin ,Vodka ,Potato Vodka ,(potato).,P,A
Alcoholic Beverages,Cirrus,Vodka,Vodka,,P,A
Alcoholic Beverages,Club ,Gin,Gin & Tonic (corn).,,P,A
Alcoholic Beverages,Club ,Vodka ,Screwdriver (corn).,,P,A
Alcoholic Beverages,Club ,Vodka ,Vodka & Tonic (corn).,,P,A
Alcoholic Beverages,Club ,Vodka ,Vodka Gimlet (corn).,,P,A
Alcoholic Beverages,Cocktails for Two ,Vodka ,Screwdriver (corn).,,P,A
Alcoholic Beverages,Cocktails for Two ,Vodka ,Vodka & Tonic (corn).,,P,A
Alcoholic Beverages,Cold River ,Gin,Gin,,P,A
Alcoholic Beverages,Cold River ,Vodka,Vodka,,P,A
Alcoholic Beverages,Cooranbong,Vodka,Vodka,,P,A
Alcoholic Beverages,Coor's Peak,Beer,Coors Peak Golden Lager,,P,A
Alcoholic Beverages,Cowboy Country Distilling ,Whiskey,Gold Spur Corn Whiskey,,P,A
Alcoholic Beverages,Cracovia,Vodka,Vodka,,P,A
Alcoholic Beverages,Crispin Cider (including Fox Barrel products),Cider,Crispin Cider (including Fox Barrel products),,P,A
Alcoholic Beverages,Cruzan ,Rum,Cruzan Rum,,P,A
Alcoholic Beverages,Crystal Head,Vodka ,Vodka,(Peach & Corn),P,A
Alcoholic Beverages,Deep Eddy,Vodka ,Vodka,(corn),P,A
Alcoholic Beverages,Deep Eddy,Vodka,Vodka,,P,A
Alcoholic Beverages,Devotion Vodka,Vodka ,Vodka,(made from corn),P,A
Alcoholic Beverages,Dixie,Vodka ,Vodka,all 4 types (corn),P,A
Alcoholic Beverages,Dogfish Head,Beer,Tweason'ale,(made from Sorghum),P,A
Alcoholic Beverages,Don Julio,Tequila,Tequila,,P,A
Alcoholic Beverages,DOT AU,Vodka,Vodka,,P,A
Alcoholic Beverages,Downunder,Vodka,Vodka,,P,A
Alcoholic Beverages,El Jimador,Tequila,Tequila,,P,A
Alcoholic Beverages,El Tosoro.,Tequila,Tequila,,P,A
Alcoholic Beverages,Gaymer Cider Company,Cider,Gaymer Cider ,,P,A
Alcoholic Beverages,Glacier Teton ,Vodka ,Vodka ,(made with 100% Idaho potatoes).,P,A
Alcoholic Beverages,Gran Teton,Vodka,Vodka,,P,A
Alcoholic Beverages,Hampton's ,Vodka ,Vodka (Corn),,P,A
Alcoholic Beverages,Harpoon Craft Cider,Cider,Harpoon Craft Cider,,P,A
Alcoholic Beverages,Herradura,Tequila,Tequila,,P,A
Alcoholic Beverages,Herradura.,Tequila,Tequila,,P,A
Alcoholic Beverages,Hornitos,Tequila,Tequila,,P,A
Alcoholic Beverages,Hudson Baby Bourbon,Bourbon,Hudson Baby Bourbon: made from 100% corn,,P,A
Alcoholic Beverages,Iceberg,Gin,Gin  ,,P,A
Alcoholic Beverages,Iceberg,Rum,Gold Rum,,P,A
Alcoholic Beverages,Iceberg,Rum,Silver Rum,,,
Alcoholic Beverages,Iceberg,Vodka ,vodka,(Peach & Corn),,
Alcoholic Beverages,J.K. Scrumpy's Organic Hard Cider,Cider,Hard Cider,,P,A
Alcoholic Beverages,James F.C. Hyde Sorgho Whiskey,Whiskey,James F.C. Hyde Sorgho Whiskey: made from 100% sorghum,,P,A
Alcoholic Beverages,James F.C. Hyde Whiskey,Whiskey,Sorgho Whiskey,(Sorghum),P,A
Alcoholic Beverages,Jinro Soju ,Vodka ,Vodka ,(Korean - sweet potatoes),P,A
Alcoholic Beverages,Jose Cuervo,Tequila,Tequila,,P,A
Alcoholic Beverages,Jose Cuervo ,Tequila,Traditional Tequila,,P,A
Alcoholic Beverages,Jose Cuervo ,Tequila,White Tequila ,(agave and cane).,P,A
Alcoholic Beverages,Kahlua,Kahlua,Kahlua,,P,A
Alcoholic Beverages,Kamchatka ,Vodka ,Vodka (corn).,,P,A
Alcoholic Beverages,Karlsson's,Vodka,Vodka,,P,A
Alcoholic Beverages,Kissui,Vodka,Vodka,,P,A
Alcoholic Beverages,Koval Bourbon Whiskey,Whiskey,Koval Bourbon Whiskey: made from 100% corn and millet mix,,P,A
Alcoholic Beverages,Koval Millet Whiskey,Whiskey,Koval Millet Whiskey: made from 100% millet,,P,A
Alcoholic Beverages,Krome,Vodka ,Krome Vodka,(made from corn),P,A
Alcoholic Beverages,Lazy Jack's Cider,Cider,Lazy Jack's Cider,,P,A
Alcoholic Beverages,L'Chaim,Vodka ,Kosher Vodka,(corn),P,A
Alcoholic Beverages,Luksusowa,Vodka ,Vodka,Potato,P,A
Alcoholic Beverages,Luksusowa,Vodka,Vodka,,P,A
Alcoholic Beverages,Luksusowa ,Vodka ,Vodka ,(Polish vodka distilled from potatoes),P,A
Alcoholic Beverages,Magner's Cider,Cider,Magner's Cider,,P,A
Alcoholic Beverages,Malibu ,Rum,Malibu Rum,,P,A
Alcoholic Beverages,Matador ,Tequila,White Tequila ,(agave and cane).,P,A
Alcoholic Beverages,Meyer's,Rum,Meyer's Rum,,P,A
Alcoholic Beverages,Milshire ,Gin,Gin (corn).,,P,A
Alcoholic Beverages,Monopolowa ,Vodka ,(Potato).,,P,A
Alcoholic Beverages,Monopolowa ,Vodka,Vodka,,P,A
Alcoholic Beverages,Montanya Distillers,Rum,Montanya Distillers Rum,,P,A
Alcoholic Beverages,Mount Gay ,Rum,Mount Gay Rum,,P,A
Alcoholic Beverages,New Southern Revival,Whiskey,Sorghum Whiskey,(Sorghum),P,A
Alcoholic Beverages,New Southern Revival Sorghum Whiskey,Whiskey,New Southern Revival Sorghum Whiskey: made from 100% sorghum,,P,A
Alcoholic Beverages,Newton's Folly Hard Cider,Cider,Newton's Folly Hard Cider,,P,A
Alcoholic Beverages,Nikolai,Vodka,Vodka,,P,A
Alcoholic Beverages,Old Sugar Distillery,Whiskey,Queen Jennie Whiskey,,P,A
Alcoholic Beverages,Original Sin Hard Cider,Cider,Original Sin Hard Cider,,P,A
Alcoholic Beverages,Patrón,Tequila,Tequila,,P,A
Alcoholic Beverages,Popov ,Gin,Gin (corn).,,P,A
Alcoholic Beverages,Popov  ,Vodka ,Citrus Vodka,,P,A
Alcoholic Beverages,Popov  ,Vodka ,Tangerine Vodka (corn).,,P,A
Alcoholic Beverages,Queen Jennie Sorghum Whiskey,Whiskey,Queen Jennie Sorghum Whiskey: made from 100% sorghum,,P,A
Alcoholic Beverages,Rain,Vodka,Vodka,,P,A
Alcoholic Beverages,Redbridge,Beer,Redbridge Beer,(made from Sorghum),P,A
Alcoholic Beverages,Relsk ,Vodka ,Vodka (corn).,,P,A
Alcoholic Beverages,S.S. Sorghum Whiskey,Whiskey,S.S. Sorghum Whiskey: made from 100% sorghum,,P,A
Alcoholic Beverages,Sauza,Tequila,Tequila,,P,A
Alcoholic Beverages,Sauza ,Tequila,Commeritivo Tequila,,P,A
Alcoholic Beverages,Sauza ,Tequila,Tres Generationes Tequila,,P,A
Alcoholic Beverages,Schramm Organic,Vodka,Vodka,,P,A
Alcoholic Beverages,Smirnoff,Vodka ,Vodka,(corn) Warning: NOT SMIRNOFF ICED DRINKS,P,A
Alcoholic Beverages,Smirnoff ,Vodka ,Citrus Twist Vodka (corn).,,P,A
Alcoholic Beverages,Smirnoff ,Vodka ,Silver Vodka (corn).,,P,A
Alcoholic Beverages,Smirnoff ,Vodka ,Vodka (corn).,,P,A
Alcoholic Beverages,Spire Mountain Draft Cider,Cider,Spire Mountain Draft Cider,,P,A
Alcoholic Beverages,Stella Artois Apple and Pear Hard Cidre,Cider,Stella Artois Apple and Pear Hard Cidre,,P,A
Alcoholic Beverages,Strongbow Cider,Cider,Strongbow Cider,,P,A
Alcoholic Beverages,Tito's,Vodka ,Handmade Vodka,,P,A
Alcoholic Beverages,Tito's,Vodka,Vodka,,P,A
Alcoholic Beverages,UV,Vodka,Vodka,,P,A
Alcoholic Beverages,Woodchuck,Cider,Woodchuck,,P,A
Alcoholic Beverages,Woodchuck Hard Cider,Hard Cider,All Cider Styles,(made from apples),P,A
Alcoholic Beverages,Woodpecker Cider,Cider,Woodpecker Cider,,P,A
Baby Food,All Brands,Baby Fruit ,Fruit,"with the following ingredients only; fruits, water, citric acid, &/or ascorbic acid",N/A,N/A
Baby Food,All Brands,Baby Fruit Juice ,Fruit Juice,"with the following ingredients only; fruit juice, water, &/or citric acid",N/A,N/A
Baby Food,All Brands,Baby Vegetables ,Vegetables ,"with the following ingredients only; vegetables, water, citric acid, &/or ascorbic acid",N/A,N/A
Baby Food,Beech Nut,Fruits,Apple Guava  ,Stage 2,N/A,N/A
Baby Food,Beech Nut,Beverages,Apple Juice  ,Beverages,N/A,N/A
Baby Food,Beech Nut,Fruits,Apple Mango  ,Stage 2,N/A,N/A
Baby Food,Beech Nut,Fruits Vegetables,"Apple, Mango & Carrot  ",Stage 2½,N/A,N/A
Baby Food,Beech Nut,Fruitees on the Go,"Apple, Mango & Carrot Puree  ",Stage 4,N/A,N/A
Baby Food,Beech Nut,Fruitees on the Go,"Apple, Peach & Strawberry Puree  ",Stage 4,N/A,N/A
Baby Food,Beech Nut,Fruitees on the Go,"Apple, Sweet Potato & Pineapple Puree  ",Stage 4,N/A,N/A
Baby Food,Beech Nut,Fruits,Apples & Bananas  ,Stage 2,N/A,N/A
Baby Food,Beech Nut,Fruits Homestyle,Apples & Bananas  ,Stage 3,N/A,N/A
Baby Food,Beech Nut,Fruits,Apples & Blueberries  ,Stage 2,N/A,N/A
Baby Food,Beech Nut,Fruits,Apples & Cherries  ,Stage 2,N/A,N/A
Baby Food,Beech Nut,Fruits,"Apples, Mango & Kiwi  ",Stage 2,N/A,N/A
Baby Food,Beech Nut,Fruits,"Apples, Pears & Bananas  ",Stage 2,N/A,N/A
Baby Food,Beech Nut,Fruits,Applesauce  ,Stage 2½,N/A,N/A
Baby Food,Beech Nut,Fruits,Applesauce  ,Stage 1,N/A,N/A
Baby Food,Beech Nut,Fruits,Applesauce  ,Stage 2,N/A,N/A
Baby Food,Beech Nut,Fruits,Apricots with Pears & Apples  ,Stage 2,N/A,N/A
Baby Food,Beech Nut,Fruits,Banana & Mixed Berries  ,Stage 2½,N/A,N/A
Baby Food,Beech Nut,Fruits,Banana Apple Plum  ,Stage 2½,N/A,N/A
Baby Food,Beech Nut,Fruits Fruit Yogurt,Banana Apple Yogurt  ,Stage 2,N/A,N/A
Baby Food,Beech Nut,Fruits,Banana Peach  ,Stage 2,N/A,N/A
Baby Food,Beech Nut,Fruits,Banana Pear  ,Stage 2,N/A,N/A
Baby Food,Beech Nut,Fruits,Banana Strawberries  ,Stage 2,N/A,N/A
Baby Food,Beech Nut,Fruits Desserts Toddler Foods Snack Pouches,"Banana, Apple & Strawberry Puree  ",Stage 4,N/A,N/A
Baby Food,Beech Nut,Fruits,"Banana, Orange & Pineapple  ",Stage 2½,N/A,N/A
Baby Food,Beech Nut,Toddler Foods Snack Pouches,"Banana, Pear & Sweet Potato Puree  ",Stage 4,N/A,N/A
Baby Food,Beech Nut,Fruits,"Banana, Prune & Raisins  ",Stage 2½,N/A,N/A
Baby Food,Beech Nut,Vegetables,Carrots  ,Stage 2½,N/A,N/A
Baby Food,Beech Nut,Vegetables,Carrots Corn  ,Stage 2,N/A,N/A
Baby Food,Beech Nut,Vegetables,Carrots Peas  ,Stage 2,N/A,N/A
Baby Food,Beech Nut,Fruits Homestyle,Chiquita Bananas  ,Stage 3,N/A,N/A
Baby Food,Beech Nut,Fruits,Chiquita Bananas  ,Stage 2,N/A,N/A
Baby Food,Beech Nut,Fruits,Chiquita Bananas  ,Stage 1,N/A,N/A
Baby Food,Beech Nut,Fruits,Chiquita Bananas & Strawberries  ,Stage 2,N/A,N/A
Baby Food,Beech Nut,Vegetables,Corn & Sweet Potatoes  ,Stage 2,N/A,N/A
Baby Food,Beech Nut,Cereals,Corn Cereal  ,Cereals,N/A,N/A
Baby Food,Beech Nut,Vegetables,Garden Vegetables  ,Stage 2,N/A,N/A
Baby Food,Beech Nut,Vegetables,Green Beans  ,Stage 2,N/A,N/A
Baby Food,Beech Nut,Vegetables,Green Beans  ,Stage 1,N/A,N/A
Baby Food,Beech Nut,Vegetables Homestyle,"Green Beans, Corn & Rice  ",Stage 3,N/A,N/A
Baby Food,Beech Nut,Fruits,Guava  ,Stage 2,N/A,N/A
Baby Food,Beech Nut,Fruits,Mango  ,Stage 2,N/A,N/A
Baby Food,Beech Nut,Fruits,Mango  ,Stage 2,N/A,N/A
Baby Food,Beech Nut,Vegetables,Mixed Vegetables  ,Stage 2,N/A,N/A
Baby Food,Beech Nut,Fruits,Peach Mango  ,Stage 2,N/A,N/A
Baby Food,Beech Nut,Fruits,Peach Pineapple  ,Stage 2½,N/A,N/A
Baby Food,Beech Nut,Fruits Toddler Foods Snack Pouches,"Peach, Apple & Banana Puree  ",Stage 4,N/A,N/A
Baby Food,Beech Nut,Fruits,Peaches  ,Stage 1,N/A,N/A
Baby Food,Beech Nut,Fruits,Peaches  ,Stage 2,N/A,N/A
Baby Food,Beech Nut,Fruits Homestyle,"Peaches, Apples & Bananas  ",Stage 3,N/A,N/A
Baby Food,Beech Nut,Fruits,Pear Apricot  ,Stage 2½,N/A,N/A
Baby Food,Beech Nut,Fruits,Pear Guava  ,Stage 2,N/A,N/A
Baby Food,Beech Nut,Fruits Desserts Toddler Foods Snack Pouches,"Pear, Banana & Raspberry Puree  ",Stage 4,N/A,N/A
Baby Food,Beech Nut,Fruits Desserts Toddler Foods Snack Pouches,"Pear, Mango & Squash Puree  ",Stage 4,N/A,N/A
Baby Food,Beech Nut,Fruits,Pears  ,Stage 2,N/A,N/A
Baby Food,Beech Nut,Fruits,Pears  ,Stage 1,N/A,N/A
Baby Food,Beech Nut,Fruits Homestyle,Pears & Blueberries  ,Stage 3,N/A,N/A
Baby Food,Beech Nut,Fruits Vegetables,Pears & Green Beans  ,Stage 2½,N/A,N/A
Baby Food,Beech Nut,Fruits,Pears & Pineapple  ,Stage 2,N/A,N/A
Baby Food,Beech Nut,Fruits,Pears & Raspberries  ,Stage 2,N/A,N/A
Baby Food,Beech Nut,Vegetables,Peas & Carrots  ,Stage 2½,N/A,N/A
Baby Food,Beech Nut,Cereals,Rice & Chiquita Bananas  ,Cereals,N/A,N/A
Baby Food,Beech Nut,Cereals Breakfast Foods,Rice Cereal  ,Cereals,N/A,N/A
Baby Food,Beech Nut,Cereals Fruits Homestyle,Rice Cereal & Pears  ,Stage 3,N/A,N/A
Baby Food,Beech Nut,Cereals,Rice Cereal with Apples & Cinnamon  ,Stage 2,N/A,N/A
Baby Food,Beech Nut,Cereals,Rice Cereal with Mango  ,Cereals,N/A,N/A
Baby Food,Beech Nut,Beverages,Spring Water with Added Fluoride  ,Beverages,N/A,N/A
Baby Food,Beech Nut,Vegetables,Squash  ,Stage 1,N/A,N/A
Baby Food,Beech Nut,Vegetables,Squash  ,Stage 2,N/A,N/A
Baby Food,Beech Nut,Vegetables,Squash  ,Stage 2,N/A,N/A
Baby Food,Beech Nut,Vegetables Homestyle,Squash & Zucchini  ,Stage 3,N/A,N/A
Baby Food,Beech Nut,Toddler Foods Snack Veggie Blends,"Squash, Peas & Pears with Yogurt Veggie Blends  ",Stage 4,N/A,N/A
Baby Food,Beech Nut,Fruits Value Packs,Starter Kit for Fruits - 16 pack  ,Stage 1,N/A,N/A
Baby Food,Beech Nut,Vegetables Value Packs,Starter Kit for Veggies - 16 pack  ,Stage 1,N/A,N/A
Baby Food,Beech Nut,Vegetables,Sweet Carrots  ,Stage 1,N/A,N/A
Baby Food,Beech Nut,Vegetables,Sweet Carrots  ,Stage 2,N/A,N/A
Baby Food,Beech Nut,Vegetables Homestyle,Sweet Corn & Rice  ,Stage 3,N/A,N/A
Baby Food,Beech Nut,Vegetables,Sweet Corn Casserole  ,Stage 2,N/A,N/A
Baby Food,Beech Nut,Vegetables,Sweet Peas  ,Stage 1,N/A,N/A
Baby Food,Beech Nut,Vegetables,Sweet Peas  ,Stage 2,N/A,N/A
Baby Food,Beech Nut,Vegetables,Sweet Potato & Zucchini  ,Stage 2½,N/A,N/A
Baby Food,Beech Nut,Vegetables,Sweet Potatoes  ,Stage 1,N/A,N/A
Baby Food,Beech Nut,Vegetables,Sweet Potatoes  ,Stage 2,N/A,N/A
Baby Food,Beech Nut,Vegetables Homestyle,Sweet Potatoes  ,Stage 3,N/A,N/A
Baby Food,Beech Nut,Fruits Vegetables,Sweet Potatoes & Apples  ,Stage 2,N/A,N/A
Baby Food,Beech Nut,Fruits Vegetables Value Packs,Textures Grocery Variety Pack - 16 pack  ,Stage 2½,N/A,N/A
Baby Food,Beech Nut,Vegetables,Vegetable Medley  ,Stage 2,N/A,N/A
Baby Food,Beech Nut,Beverages,White Grape Juice  ,Beverages,N/A,N/A
Baby Food,Enfamil,Baby Formula,Enfamil all ok this year,,N/A,N/A
Baby Food,Gerber,baby fruit or vegetables,"with the following ingredients only; any fruit and any vegetables, water, citric acid, &/or ascorbic acid, vitamins",,N/A,N/A
Baby Food,Isomil,Baby Formula,Isomil all ok this year,"Milk-Free, Lactose Free",N/A,N/A
Baby Food,Pedialyte,Drink,Pedialyte Oral Maintenance Solution,,N/A,N/A
Baby Food,Similac,Baby Formula,Similac all ok this year,Powder,N/A,N/A
Bakery Products,Canyon Bakehouse,Gluten Free Bread,All of their Gluten Free Breads and Burger Buns are fine,,P,S
Bakery Products,Gluten-Free Pantry,Bread Mix ,Favorite Sandwich Bread Mix ,,,S
Bakery Products,Gluten-Free Pantry,Bread Mix ,French Bread & Pizza Mix ,,,S
Bakery Products,Gluten-Free Pantry,Muffin Mix,Muffin & Scone Mix ,,P,S
Bakery Products,Gluten-Free Pantry,Muffin Mix,Yankee Cornbread & Muffin Mix,,P,S
Bakery Products,Happy Campers,Gluten Free Bread,Hemp Hemp Hooray,,P,S
Bakery Products,Little Northern Bakehouse ,Gluten Free Bread,Seeds and Grains Bread,,P,A
Bakery Products,O’Doughs ,Gluten Free Bread,Multigrain Sandwich Thins,,P,A
Bakery Products,Tate’s Bake Shop,Cookies,Gluten Free Chocolate Chip,,D,A
Bakery Products,Tate’s Bake Shop,Cookies,Gluten Free Chocolate Chip Cookie Bark,,D,A
Bakery Products,Tate’s Bake Shop,Cookies,Gluten Free Coconut Crisp,,D,S
Bakery Products,Tate’s Bake Shop,Cookies,Gluten Free Double Chocolate Chip,,D,A
Bakery Products,Tate’s Bake Shop,Cookies,Gluten Free Ginger Zinger,,D,A
Bakery Products,Tate’s Bake Shop,Cookies,Gluten Free Oatmeal Raisin,,D,S
Bakery Products,Three Bakers,Gluten Free Bread,Great Seed Whole Grain and 7 Seed Bread,,P,S
Bakery Products,Trader Joe's,Breads,Corn Tortillas,,P,S
Bakery Products,Trader Joe's,Bread,Gluten Free White Sandwich Bread,,P,A
Bakery Products,Trader Joe's,Bread,Gluten Free Whole Grain Bread,,P,A
Baking & Cooking Supplies,Albers®,Grits,Quick Grits,,P,S
Baking & Cooking Supplies,Albers®,Cornmeal,White Cornmeal,,P,S
Baking & Cooking Supplies,Albers®,Cornmeal,Yellow Cornmeal,,P,S
Baking & Cooking Supplies,All Brands,Oil,all 100% oil,Ashkenazim should avoid oils that are Considered Kitniyot,P,A
Baking & Cooking Supplies,All Brands,Oil,any 100% Olive Oil,,P,A
Baking & Cooking Supplies,All Brands,Baking Soda,Baking Soda,,P,A
Baking & Cooking Supplies,All Brands,Cornmeal,Corn Meal,,P,S
Baking & Cooking Supplies,All Brands,Corn Starch,Corn Starch,,P,S
Baking & Cooking Supplies,All Brands,Eggs,Eggs,,P,A
Baking & Cooking Supplies,All Brands,Spices,Spices,all 100% spices (except mustard for Ashkenazim),P,A
Baking & Cooking Supplies,Argo,Corn Starch,Corn Starch,,P,S
Baking & Cooking Supplies,ARM & HAMMER,Baking Soda,Baking Soda,,P,A
Baking & Cooking Supplies,Baker's,Coconut,ANGEL FLAKE Coconut (Bag and Can),,P,A
Baking & Cooking Supplies,Baker's,Chocolate,Bittersweet Chocolate Bar,,,S
Baking & Cooking Supplies,Baker's,Chocolate,GERMAN'S Sweet Chocolate Bar,,,S
Baking & Cooking Supplies,Baker's,Coconut,Premium Shred Coconut,,P,A
Baking & Cooking Supplies,Baker's,Chocolate,Real Milk Chocolate Dipping Chocolate,,D,S
Baking & Cooking Supplies,Baker's,Chocolate,Semi-Sweet Chocolate Bar,,,S
Baking & Cooking Supplies,Baker's,Chocolate,Semi-Sweet Chocolate Flavored Chips,,,S
Baking & Cooking Supplies,Baker's,Chocolate,Unsweetened Chocolate Bar,,,S
Baking & Cooking Supplies,Baker's,Chocolate,White Chocolate Bar,,D,S
Baking & Cooking Supplies,Bloom's,Chocolate Syrup,Chocolate Flavored Syrup,,P,A
Baking & Cooking Supplies,Bloom's,Chocolate,Semi Sweet Chocolate Chips,,P,A
Baking & Cooking Supplies,Blue Diamond,Nuts,Blanched Whole Almonds,,P,A
Baking & Cooking Supplies,Blue Diamond,Nuts,Sliced Almonds,,P,A
Baking & Cooking Supplies,Blue Diamond,Nuts,Slivered Almonds,,P,A
Baking & Cooking Supplies,Bosco,Syrup,Strawberry Flavor Syrup,,P,A
Baking & Cooking Supplies,CALUMET,Baking Powder,Baking Powder,,P,A
Baking & Cooking Supplies,Canoleo,"Dips, Salsas & Spreads",Canoleo 100% Canola Margarine,,P,A
Baking & Cooking Supplies,Clabber Girl,Baking Powder,Clabber Girl Baking Powder,,P,A
Baking & Cooking Supplies,Contandina,Tomato Products,Tomato Paste,Plain only,P,A
Baking & Cooking Supplies,Corman Light,"Dips, Salsas & Spreads",Corman Light! Butter,,D,A
Baking & Cooking Supplies,Crisco,Oil,All Vegetable Shortening,,P,A
Baking & Cooking Supplies,Crisco,Oil,All Vegetable Shortening,,P,A
Baking & Cooking Supplies,Crisco,Oil,Mixed Vegetable Oil,,P,A
Baking & Cooking Supplies,Crisco,Oil,Pure Canola Oil,,P,A
Baking & Cooking Supplies,Davis,Baking Powder,Baking Powder,,P,A
Baking & Cooking Supplies,Dec A Cake,Cake Decorators,Green Writing Gel,,P,A
Baking & Cooking Supplies,Dec A Cake,Cake Decorators,Pink Writing Gel,,P,A
Baking & Cooking Supplies,Dec A Cake,Cake Decorators,Red Decorating Icing,,P,A
Baking & Cooking Supplies,Dec A Cake,Cake Decorators,Red Writing Gel,,P,A
Baking & Cooking Supplies,Del Monte,Tomato Products,Tomato Sauce,,P,A
Baking & Cooking Supplies,Dense,Praline Paste,Praline Paste,,P,A
Baking & Cooking Supplies,Dense,Marzipan,Rolling Almond Marzipan,,P,A
Baking & Cooking Supplies,Diamond,Nuts,Chopped Walnuts,,P,A
Baking & Cooking Supplies,Diamond,Nuts,Jumbo Walnuts,,P,A
Baking & Cooking Supplies,Diamond,Nuts,Large Walnuts,,P,A
Baking & Cooking Supplies,Diamond,Nuts,Pecans,,P,A
Baking & Cooking Supplies,Diamond,Nuts,Shelled Walnuts,,P,A
Baking & Cooking Supplies,Diamond,Nuts,whole almonds,,P,A
Baking & Cooking Supplies,Domino,Sweetener,Confectioners Sugar,,P,A
Baking & Cooking Supplies,Domino,Sweetener,Dark Brown Sugar,,P,A
Baking & Cooking Supplies,Domino,Sweetener,Dots Sugar Cubes,,P,A
Baking & Cooking Supplies,Domino,Sweetener,Golden Light Brown Sugar,,P,A
Baking & Cooking Supplies,Domino,Sweetener,Hostess Crystal Tablets Sugar,,P,A
Baking & Cooking Supplies,Domino,Sweetener,Instant Dissolving Sugar,,P,A
Baking & Cooking Supplies,Domino,Sweetener,Light Brown Sugar,,P,A
Baking & Cooking Supplies,Durkee,Coconut,Snowflake Coconut,,P,A
Baking & Cooking Supplies,Florida Crystals ,Spices & Flavors,Natural Milled Cane Sugar,,P,A
Baking & Cooking Supplies,Heinz,Vinegar,Apple Cider Vinegar,,P,A
Baking & Cooking Supplies,Hershey's,Cocoa,Cocoa,,P,A
Baking & Cooking Supplies,Hershey's,Cocoa,Dutch Processed Cocoa,,P,A
Baking & Cooking Supplies,Hershey's,Chocolate,semi sweet baking chocolate,,D,A
Baking & Cooking Supplies,Hodgson Mill,Cornmeal,Yellow Corn Meal,,P,S
Baking & Cooking Supplies,Hulman & Company,Baking Powder,KC Baking Powder,,P,A
Baking & Cooking Supplies,Hulman & Company,Baking Powder,Rumford Baking Powder,,P,A
Baking & Cooking Supplies,Hunt's,Tomato Products,All Natural Tomato Paste,,P,A
Baking & Cooking Supplies,Hunt's,Tomato Products,Stewed Tomatoes,,P,A
Baking & Cooking Supplies,Hunt's,Tomato Products,Tomato Paste,,P,A
Baking & Cooking Supplies,Hunt's,Tomato Products,Tomato Puree,,P,A
Baking & Cooking Supplies,Hunt's,Tomato Products,Tomato Sauce,,P,A
Baking & Cooking Supplies,Hunt's,Tomato Products,Whole Tomatoes,,P,A
Baking & Cooking Supplies,Karo,Corn Syrup,Corn Syrup,light & dark,P,S
Baking & Cooking Supplies,Kraft,Whipped Topping,COOL WHIP Extra Creamy Whipped Topping,,D,A
Baking & Cooking Supplies,Kraft,Whipped Topping,COOL WHIP FAT FREE Whipped Topping,check ingredients if dairy or Pareve,,A
Baking & Cooking Supplies,Kraft,Whipped Topping,COOL WHIP Lite Whipped Topping,check ingredients if dairy or Pareve,,A
Baking & Cooking Supplies,Kraft,Whipped Topping,COOL WHIP Whipped Topping,check ingredients if dairy or Pareve,,A
Baking & Cooking Supplies,Kraft Calumet,Baking Powder,Baking Powder,,P,A
Baking & Cooking Supplies,Landau,Dips,Sesame Tahini,,P,S
Baking & Cooking Supplies,Manischewitz,Potato Starch,Potato Starch,,P,A
Baking & Cooking Supplies,Martha White,Cornmeal,Corn Meal,yellow & Plain,P,S
Baking & Cooking Supplies,Nestle® Toll House,Chocolate,Choco Bake,,,A
Baking & Cooking Supplies,Nestle® Toll House,Cocoa,Cocoa Powder,,P,A
Baking & Cooking Supplies,Nestle® Toll House,Chocolate,Milk Chocolate Morsels,,D,A
Baking & Cooking Supplies,Nestle® Toll House,Chocolate,Mint Semi-Sweet Chocolate Morsels (seasonal),,,A
Baking & Cooking Supplies,Nestle® Toll House,Chocolate,Premier White Baking Bar,,,A
Baking & Cooking Supplies,Nestle® Toll House,Chocolate,Premier White Morsels,,,A
Baking & Cooking Supplies,Nestle® Toll House,Chocolate,Semi-Sweet Chocolate Baking Bar,,,A
Baking & Cooking Supplies,Nestle® Toll House,Chocolate,Semi-Sweet Chocolate Chunks,,,A
Baking & Cooking Supplies,Nestle® Toll House,Chocolate,Semi-Sweet Chocolate Covered Raisins,,,A
Baking & Cooking Supplies,Nestle® Toll House,Chocolate,Semi-Sweet Chocolate Morsels,,,A
Baking & Cooking Supplies,Nestle® Toll House,Chocolate,Semi-Sweet Mini Morsels,,,A
Baking & Cooking Supplies,Nestle® Toll House,Chocolate,Unsweetened Chocolate Baking Bar,,,A
Baking & Cooking Supplies,Nutra-Sweet,Sweetener,Sugar Substitute,,P,A
Baking & Cooking Supplies,Ocean Spray,Sauce,Jellied Cranberry Sauce,,P,A
Baking & Cooking Supplies,Pam,Oil,olive oil,"Not ""PAM for Baking""",P,A
Baking & Cooking Supplies,Pam,Oil,Regular,"Not ""PAM for Baking""",P,A
Baking & Cooking Supplies,Quaker,Cornmeal,Yellow Corn Meal,,P,S
Baking & Cooking Supplies,Redpack,Tomato Products,Tomato Paste,,P,A
Baking & Cooking Supplies,Redpack,Tomato Products,Tomato Sauce,,P,A
Baking & Cooking Supplies,Redpack,Tomato Products,Whole Peeled Tomatoes,,P,A
Baking & Cooking Supplies,Rich's,Whipped Topping,Bowl Topping,,P,S
Baking & Cooking Supplies,Rich's,Whipped Topping,Bowl Topping  Lite,,P,S
Baking & Cooking Supplies,Rich's,Whipped Topping,Ready to Whip,,P,S
Baking & Cooking Supplies,Salt,Salt,all plain salt,,P,A
Baking & Cooking Supplies,Shop Rite,Syrup,Pancake Syrup,,P,A
Baking & Cooking Supplies,Shop Rite,Coconut,Snowflake Coconut,,P,A
Baking & Cooking Supplies,Spices of the World,Spices & Flavors,21 Seasoning Salute,,P,A
Baking & Cooking Supplies,Spices of the World ,Spices & Flavors,Garlic Powder,,P,A
Baking & Cooking Supplies,Spices of the World ,Spices & Flavors,Savory 4 Pepper Blend,,P,A
Baking & Cooking Supplies,Trader Joe's,Oil,100% Canola Oil,,P,A
Baking & Cooking Supplies,Trader Joe's,Oil,100% Canola Oil Spray,,P,A
Baking & Cooking Supplies,Trader Joe's,Spices & Flavors,Crushed Garlic,,P,A
Baking & Cooking Supplies,Trader Joe's,Oil,Garlic Oil,,P,A
Baking & Cooking Supplies,Trader Joe's,Dairy Substitutes,Light Coconut Milk,,P,A
Baking & Cooking Supplies,Trader Joe's,Oil,Olive Oil,,P,A
Baking & Cooking Supplies,Trader Joe's,Oil,Toasted Sesame Oil,,P,S
Baking & Cooking Supplies,Wholesome Foods ,Spices & Flavors,Organic Sugar,,P,A
Cereal,All Brands,Oatmeal,All 100% Oats,,P,S
Cereal,Ancient harvest,Cereal,Organic Quinoa Flakes,,P,A
Cereal,Bakery on Main,Cereal ,"Almond & Vanilla, naturally flavored Granola",,,S
Cereal,Bakery on Main,Cereal ,"Apple Cinnamon Raisin, No Sugar Added Granola",,,S
Cereal,Bakery on Main,Cereal ,Apple Pie naturally flavored Instant Oatmeal,,,S
Cereal,Bakery on Main,Cereal ,Blueberry Scone naturally flavored Instant Oatmeal,,,S
Cereal,Bakery on Main,Cereal ,Dark Chocolate Sea Salt Granola,,,S
Cereal,Bakery on Main,Cereal ,"Flax Blueberry, naturally flavored Granola",,,S
Cereal,Bakery on Main,Cereal ,Instant Oatmeal Variety Pack,,,S
Cereal,Bakery on Main,Cereal ,Maple Multigrain Muffin naturally flavored Instant Oatmeal,,,S
Cereal,Bakery on Main,Cereal ,Organic Creamy Hot Breakfast Amaranth Multigrain,,,S
Cereal,Bakery on Main,Cereal ,Organic Creamy Hot Breakfast Quinoa Multigrain,,,S
Cereal,Bakery on Main,Cereal ,Organic Happy Granola Sprouted Blueberry Flax,,,S
Cereal,Bakery on Main,Cereal ,Organic Happy Granola Sprouted Grains & Honey,,,S
Cereal,Bakery on Main,Cereal ,Organic Happy Granola Sprouted Maple Quinoa,,,S
Cereal,Bakery on Main,Cereal ,Strawberry Shortcake naturally flavored Instant Oatmeal,,,S
Cereal,Bakery on Main,Cereal ,Unsweetened Instant Oatmeal,,P,S
Cereal,Bob's Red Mill,Cereal ,Coconut Spice Homestyle Granola,,,S
Cereal,Bob's Red Mill,Cereal ,Cranberry Almond Homestyle Granola,,,S
Cereal,Bob's Red Mill,Cereal ,Gluten Free Oats,,P,S
Cereal,Bob's Red Mill,Cereal ,Gluten-Free Muesli,,,S
Cereal,Bob's Red Mill,Cereal ,Lemon Blueberry Homestyle Granola,,,S
Cereal,Bob's Red Mill,Cereal ,Lemon Blueberry Homestyle Granola,,,S
Cereal,Bob's Red Mill,Cereal ,Maple Sea Salt Homestyle Granola,,,S
Cereal,EREWHON ,Cereal,Buckwheat & Hemp,Gluten Free,P,S
Cereal,EREWHON ,Cereal,Cocoa Crispy Brown Rice,Gluten Free,P,S
Cereal,EREWHON ,Cereal,Corn Flakes,,P,S
Cereal,EREWHON ,Cereal,Crispy Brown Rice,Gluten Free,P,S
Cereal,EREWHON ,Cereal,Crispy Brown Rice- No salt Added,Gluten Free,P,S
Cereal,EREWHON ,Cereal,Crispy Brown Rice with Mixed Berries,Gluten Free,P,S
Cereal,EREWHON ,Cereal,Quinoa & Chia,Gluten Free,P,S
Cereal,EREWHON ,Cereal,Rice Twice,Gluten Free,P,S
Cereal,EREWHON ,Cereal,Strawberry Crisp,Gluten Free,P,S
Cereal,Erewhon Organics,Cereal ,Cinnamon Crispy Brown Rice Gluten-Free Cereal,,,S
Cereal,Erewhon Organics,Cereal ,Corn Flakes Cereal,,,S
Cereal,Erewhon Organics,Cereal ,Crispy Brown Rice Gluten-free Cereal,,,S
Cereal,Erewhon Organics,Cereal ,Crispy Rice Cereal,,,S
Cereal,Erewhon Organics,Cereal ,Harvest Medley Gluten-Free Cereal,,,S
Cereal,Erewhon Organics,Cereal ,Honey Rice Twice Cereal,,,S
Cereal,Erin Baker,Cereal ,Coconut Chia,,,S
Cereal,Erin Baker,Cereal ,Granola Chocolate Coconut Crunch,,,S
Cereal,Erin Baker,Cereal ,Granola Double Chocolate,,,S
Cereal,Erin Baker,Cereal ,Granola Double Chocolate Chunk,,,S
Cereal,Erin Baker,Cereal ,Granola Endurance Crunch with pea protein,,,S
Cereal,Erin Baker,Cereal ,Granola Fruit & Nut,,,S
Cereal,Erin Baker,Cereal ,Granola Honey Oat Clusters,,,S
Cereal,Erin Baker,Cereal ,Granola Oatmeal Raisin,,,S
Cereal,Erin Baker,Cereal ,Granola Peanut Butter,,,S
Cereal,Erin Baker,Cereal ,Granola Peanut Butter Chocolate,,,S
Cereal,Erin Baker,Cereal ,Granola Pumpkin Seed & Flax,,,S
Cereal,Erin Baker,Cereal ,Granola Tri Berry with pea protein,,,S
Cereal,Erin Baker,Cereal ,Granola Ultra Protein Endurance Crunch,,,S
Cereal,Erin Baker,Cereal ,Granola Vanilla Almond Quinoa,,,S
Cereal,Erin Baker,Cereal ,Homestyle Granola Maple Pecan,,,S
Cereal,Erin Baker,Cereal ,Ultra Protein Peanut Butter Granola,,,S
Cereal,General Mills,Cereal,Blueberry Chex,Gluten Free,P,S
Cereal,General Mills,Cereal,Chocolate Chex,Gluten Free,P,S
Cereal,General Mills,Cereal,Cinnamon Chex,Gluten Free,P,S
Cereal,General Mills,Cereal,Corn Chex,Gluten Free,P,S
Cereal,General Mills,Cereal,Honey Nut Chex,Gluten Free,P,S
Cereal,General Mills,Cereal,Rice Chex,Gluten Free,P,S
Cereal,General Mills,Cereal,Vanilla Chex,Gluten Free,P,S
Cereal,Kashi,Cereal ,Go Lean Clusters,,,S
Cereal,Kashi,Cereal ,Indigo Morning Gluten-Free Corn Cereal,,,S
Cereal,Kashi,Cereal ,Simply Maize Organic Corn Cereal,,,S
Cereal,Kay's Naturals,Cereal ,Apple Cinnamon,,,S
Cereal,Kay's Naturals,Cereal ,French Vanilla,,,S
Cereal,Kay's Naturals,Cereal ,Honey Almond,,,S
Cereal,Kellogg's,Cereal,Rice Krispies Gluten Free,only the gluten free one,P,S
Cereal,Nature's Path,Cereal,Blueberry Pecan Granola,,,S
Cereal,Nature's Path,Cereal,Crunchy Maple Sunrise,,,S
Cereal,Nature's Path,Cereal,EnviroKidz Panda Puffs,,,S
Cereal,Nature's Path,Cereal,Envirokidz Turtle Splash,,,S
Cereal,Nature's Path,Cereal,Fruit & Nut Granola,,,S
Cereal,Nature's Path,Cereal,Fruit Juice Sweetened Corn Flakes,,,S
Cereal,Nature's Path,Cereal,Gorilla Munch,,,S
Cereal,Nature's Path,Cereal,Organic Corn Flakes,,P,S
Cereal,Nature's Path,Cereal,Organic Honey'd Corn Flakes,,P,S
Cereal,Nature's Path,Cereal,Organic Mesa Sunrise,,P,S
Cereal,Nature's Path,Cereal,Organic Whole O's Cereal Gluten Free,,P,S
Cereal,Nature's Path,Cereal,Summer Berries Granola,,,S
Cereal,Post,cold cereal,Cocoa Pebbles,,P,S
Cereal,Post,cold cereal,Fruity Pebbles,,P,S
Cereal,Post,Cereal,Honey Bunches of Oats Chocolate,,P,S
Cereal,Post,cold cereal,Marshmallow Fruity Pebbles,,P,S
Cereal,Post,cold cereal,Peanut Butter and Cocoa Pebbles,,P,S
Coffees & Teas,Celestial Seasonings Tea,Tea Bags,Bengal Spice tea,,P,A
Coffees & Teas,Celestial Seasonings Tea,Tea Bags,Black Raspberry tea,,P,A
Coffees & Teas,Celestial Seasonings Tea,Tea Bags,Caffeine free Tea,,P,A
Coffees & Teas,Celestial Seasonings Tea,Tea Bags,Ceylon Apricot Ginger Tea,,P,A
Coffees & Teas,Celestial Seasonings Tea,Tea Bags,Chamomile Tea,,P,A
Coffees & Teas,Celestial Seasonings Tea,Tea Bags,Cinnamon Apple Spice Tea,,P,A
Coffees & Teas,Celestial Seasonings Tea,Tea Bags,Country Peach Passion Tea,,P,A
Coffees & Teas,Celestial Seasonings Tea,Tea Bags,Cranberry Cove Tea,,P,A
Coffees & Teas,Celestial Seasonings Tea,Tea Bags,Decaf Mandarin Orchard Tea,,P,A
Coffees & Teas,Celestial Seasonings Tea,Tea Bags,Decaf Mint Tea,,P,A
Coffees & Teas,Celestial Seasonings Tea,Tea Bags,Decaffeinated Green Tea,,P,A
Coffees & Teas,Celestial Seasonings Tea,Tea Bags,Earl Grey tea,,P,A
Coffees & Teas,Celestial Seasonings Tea,Tea Bags,Emerald Gardens Green Tea,,P,A
Coffees & Teas,Celestial Seasonings Tea,Tea Bags,Emperor's Choice tea,,P,A
Coffees & Teas,Celestial Seasonings Tea,Tea Bags,English Breakfast tea,,P,A
Coffees & Teas,Celestial Seasonings Tea,Tea Bags,Estate Blend tea,,P,A
Coffees & Teas,Celestial Seasonings Tea,Tea Bags,Fast Lane tea,,P,A
Coffees & Teas,Celestial Seasonings Tea,Tea Bags,Grandma's Tummy Mint tea,,P,A
Coffees & Teas,Celestial Seasonings Tea,Tea Bags,Harvest Chamomile tea,,P,A
Coffees & Teas,Celestial Seasonings Tea,Tea Bags,Honey Lemon Ginseng Green Tea,,P,A
Coffees & Teas,Celestial Seasonings Tea,Tea Bags,Lemon Berry Zinger tea,,P,A
Coffees & Teas,Celestial Seasonings Tea,Tea Bags,Lemon Zinger Natural Herb Tea,,P,A
Coffees & Teas,Celestial Seasonings Tea,Tea Bags,Lemon Zinger tea,,P,A
Coffees & Teas,Celestial Seasonings Tea,Tea Bags,Mandarin Orange Spice,,P,A
Coffees & Teas,Celestial Seasonings Tea,Tea Bags,Mint Magic tea,,P,A
Coffees & Teas,Celestial Seasonings Tea,Tea Bags,Misty Jasmine Green Tea,,P,A
Coffees & Teas,Celestial Seasonings Tea,Tea Bags,Morning Thunder tea,,P,A
Coffees & Teas,Celestial Seasonings Tea,Tea Bags,Mountain Estate Decaf Black Tea,,P,A
Coffees & Teas,Celestial Seasonings Tea,Tea Bags,Nutcracker Sweet tea,,P,A
Coffees & Teas,Celestial Seasonings Tea,Tea Bags,Orange Mango Zinger tea,,P,A
Coffees & Teas,Celestial Seasonings Tea,Tea Bags,Organic Black Tea,,P,A
Coffees & Teas,Celestial Seasonings Tea,Tea Bags,Organic Chamomile Herb Tea,,P,A
Coffees & Teas,Celestial Seasonings Tea,Tea Bags,Organic Earl Grey Tea,,P,A
Coffees & Teas,Celestial Seasonings Tea,Tea Bags,Organic Green Echinaca Mint Tea,,P,A
Coffees & Teas,Celestial Seasonings Tea,Tea Bags,Organic Green Tea,,P,A
Coffees & Teas,Celestial Seasonings Tea,Tea Bags,Organic Green Tea Chai,,P,A
Coffees & Teas,Celestial Seasonings Tea,Tea Bags,Organic Peppermint Herb Tea,,P,A
Coffees & Teas,Celestial Seasonings Tea,Tea Bags,Peppermint Herb Tea,,P,A
Coffees & Teas,Celestial Seasonings Tea,Tea Bags,Peppermint tea,,P,A
Coffees & Teas,Celestial Seasonings Tea,Tea Bags,Raspberry Zinger     tea,,P,A
Coffees & Teas,Celestial Seasonings Tea,Tea Bags,Red Zinger Natural Herb Tea,,P,A
Coffees & Teas,Celestial Seasonings Tea,Tea Bags,Red Zinger Tea,,P,A
Coffees & Teas,Celestial Seasonings Tea,Tea Bags,Sleepytime Natural Herb Tea,,P,A
Coffees & Teas,Celestial Seasonings Tea,Tea Bags,Sleepytime Tea,,P,A
Coffees & Teas,Celestial Seasonings Tea,Tea Bags,Strawberry Kiwi Tea,,P,A
Coffees & Teas,Celestial Seasonings Tea,Tea Bags,Sunburst C Tea,,P,A
Coffees & Teas,Celestial Seasonings Tea,Tea Bags,Tension Tamer,,P,A
Coffees & Teas,Celestial Seasonings Tea,Tea Bags,Throat Soothers Tea,,P,A
Coffees & Teas,Celestial Seasonings Tea,Tea Bags,Wild Berry Zinger tea,,P,A
Coffees & Teas,Celestial Seasonings Tea,Tea Bags,Wild Cherry Blackberry tea             ,,P,A
Coffees & Teas,Coffee (All Brands),Coffee,all 100% coffees (Decaf & Reg.),,P,A
Coffees & Teas,Lipton,Iced Tea,Calorie Free Iced Tea Mix,Lemon Flavored,P,A
Coffees & Teas,Lipton,Tea Bags,Cup Size Tea Bags,Regular,P,A
Coffees & Teas,Lipton,Tea Bags,Cup Size Tea Bags,Decaffeinated,P,A
Coffees & Teas,Lipton,Iced Tea,Diet Iced Tea Mix,Lemon,P,A
Coffees & Teas,Lipton,Iced Tea,Diet Iced Tea Mix,Decaffeinated Lemon,P,A
Coffees & Teas,Lipton,Iced Tea,Diet Iced Tea Mix,Raspberry,P,A
Coffees & Teas,Lipton,Iced Tea,Diet Iced Tea Mix,Tea & Lemonade,P,A
Coffees & Teas,Lipton,Tea Bags,Diet Iced Tea Mix,Peach,P,A
Coffees & Teas,Lipton,Tea Bags,Family Size Tea Bags,Regular,P,A
Coffees & Teas,Lipton,Tea Bags,Family Size Tea Bags,Decaffeinated,P,A
Coffees & Teas,Lipton,Tea Bags,Green Tea Bags,Regular,P,A
Coffees & Teas,Lipton,Tea Bags,Green Tea Bags,Jasmine Flavored,P,A
Coffees & Teas,Lipton,Tea Bags,Instant Iced Tea Mix,100% Instant Tea,P,A
Coffees & Teas,Lipton,Tea Bags,Instant Iced Tea Mix,100% Instant Decaffeinated Tea,P,A
Coffees & Teas,Lipton,Tea Bags,Soothing Moments Flavored Tea Bags,Decaffeinated Blackberry,P,A
Coffees & Teas,Lipton,Tea Bags,Soothing Moments Flavored Tea Bags,Raspberry,P,A
Coffees & Teas,Lipton,Tea Bags,Soothing Moments Flavored Tea Bags,Orange & Spice,P,A
Coffees & Teas,Lipton,Tea Bags,Soothing Moments Flavored Tea Bags,Blackberry,P,A
Coffees & Teas,Lipton,Tea Bags,Soothing Moments Flavored Tea Bags,Mint,P,A
Coffees & Teas,Lipton,Tea Bags,Soothing Moments Flavored Tea Bags,Decaffeinated Orange & Spice,P,A
Coffees & Teas,Lipton,Tea Bags,Soothing Moments Herbal Tea Bags,Peppermint,P,A
Coffees & Teas,Lipton,Tea Bags,Soothing Moments Herbal Tea Bags,Gentle Orange,P,A
Coffees & Teas,Lipton,Tea Bags,Soothing Moments Herbal Tea Bags,Cinnamon Apple,P,A
Coffees & Teas,Lipton,Tea Bags,Soothing Moments Herbal Tea Bags,Quietly Chamomile,P,A
Coffees & Teas,Lipton,Tea Bags,Soothing Moments Herbal Tea Bags,Country Cranberry,P,A
Coffees & Teas,Lipton,Tea Bags,Soothing Moments Herbal Tea Bags,Moonlight Mint,P,A
Coffees & Teas,Lipton,Tea Bags,Soothing Moments Herbal Tea Bags,Ginger Twist,P,A
Coffees & Teas,Lipton,Iced Tea,Sugar Sweetened Iced Tea Mix,Lemon,P,A
Coffees & Teas,Lipton,Iced Tea,Sugar Sweetened Iced Tea Mix,Decaffeinated Lemon,P,A
Coffees & Teas,Lipton,Iced Tea,Sugar Sweetened Iced Tea Mix,Tea & Lemonade,P,A
Coffees & Teas,Lipton,Iced Tea,Sugar Sweetened Iced Tea Mix,Peach,P,A
Coffees & Teas,Lipton,Iced Tea,Sugar Sweetened Iced Tea Mix,Raspberry,P,A
Coffees & Teas,Nestea,Instant Tea,Instant Unsweetened Tea,,P,A
Coffees & Teas,Nestle Coffe-mate,creamer,Coffee-Mate Liquid,Flavored & Non-Flavored,P,S
Coffees & Teas,Nestle Coffe-mate,creamer,Coffee-mate Powder,Flavored & Non-Flavored,P,S
Coffees & Teas,Rich's,creamer,Coffee Rich Non Dairy Creamer,,P,S
Coffees & Teas,Rich's,creamer,Coffee Rich Non Dairy Creamer- Fat Free,,P,S
Coffees & Teas,Rich's,creamer,Coffee Rich Non Dairy Creamer- French Vanilla,,P,S
Coffees & Teas,Trader Joe's,Tea,Bagged Teas,,P,A
Coffees & Teas,Trader Joe's,Coffee,Coffee Beans,,P,A
Coffees & Teas,Trader Joe's,Coffee,Ground Coffee,,P,A
Condiments,Al Brands,"Dressings, Marinades & Sauces",100% Pure Maple Syrup,,P,A
Condiments,All Brands,"Dips, Salsas & Spreads",Pure Honey,,P,A
Condiments,Best Foods®,Mayonnaise ,Light Mayonnaise ,,P,A
Condiments,Best Foods®,Mayonnaise ,Low-Fat Mayonnaise ,,P,A
Condiments,Best Foods®,Mayonnaise ,Real Mayonnaise ,,P,A
Condiments,Best Foods®,Sauce,Sandwich Spred,,P,A
Condiments,Best Foods®,Sauce,Tartar Sauce ,,P,A
Condiments,Duke's,"Dressings, Marinades & Sauces",Cholesterol-Free Mayonnaise,,P,A
Condiments,Duke's,Mayonnaise ,Light Mayonnaise ,,P,A
Condiments,Duke's,Mayonnaise ,Mayonnaise,Contains no sugar,P,A
Condiments,Duke's,Mayonnaise ,Mayonnaise with Olive Oil,,P,A
Condiments,Duke's,"Dressings, Marinades & Sauces",Sandwich Relish,,P,A
Condiments,Duke's,"Dressings, Marinades & Sauces",Tartar Sauce ,,P,A
Condiments,Duke's,"Dressings, Marinades & Sauces",Whipped Salad Dressing,,P,A
Condiments,Equal,Sweetener,Sugar Substitute Packets   ,,P,A
Condiments,French's,Mustard,Classic Yellow® Mustard,,P,S
Condiments,French's,Mustard,Dijon Mustard,,P,S
Condiments,French's,Mustard,Honey Dijon,,P,S
Condiments,French's,Mustard,Honey Mustard,,P,S
Condiments,French's,Mustard,Honey Mustard Dipping Sauce,,P,S
Condiments,French's,Mustard,Horseradish Mustard,,P,S
Condiments,French's,Mustard,Spicy Brown Mustard,,P,S
Condiments,Heinz,Vinegar,Apple Cider flavored Vinegar,,P,A
Condiments,Heinz,Sauces,Chili Sauce,,P,A
Condiments,Heinz,Vinegar,Distilled White Vinegar,,P,A
Condiments,Heinz,Pickles,Hamburger Pickle Slices,,P,A
Condiments,Heinz,Sauces,Hot  Ketchup(w/Tobasco Sauce),,P,A
Condiments,Heinz,Pickles,Large Kosher Style Dill Pickles ,,P,A
Condiments,Heinz,Ketchup,Tomato Ketchup,,P,A
Condiments,Heinz,Sauces,Tomato Paste,,P,A
Condiments,Heinz,Sauces,Tomato Puree,,P,A
Condiments,Heinz,Sauces,Tomato Sauce,,P,A
Condiments,Heinz,Sauces,Tomato Sauce No Salt Added,,P,A
Condiments,Heinz,Mustard,Yellow Mustard,,P,S
Condiments,Hellmann's®,Mayonnaise ,Light Mayonnaise ,,P,A
Condiments,Hellmann's®,Mayonnaise ,Low Fat Mayonnaise,,P,A
Condiments,Hellmann's®,Mayonnaise ,Real Mayonnaise ,,P,A
Condiments,Hellmann's®,"Dressings, Marinades & Sauces",Sandwich Spread,,P,A
Condiments,Hellmann's®,"Dressings, Marinades & Sauces",Tartar Sauce ,,P,A
Condiments,Skippy,Spreads,Peanut Butter,Plain,P,S
Condiments,Skippy,Spreads,Peanut Butter,Reduced fat,P,S
Condiments,Skippy,Spreads,Peanut Butter,Roasted honey nut,P,S
Condiments,Smuckers,Spreads,"All Traditional fruit spreads: Jams, Jellies, Preserves, Marmalades, Fruit Syrups, Low-Sugar and Sugar Free Fruit spreads, Simply 100% Fruit Spread etc., are Kosher for Pesah. Also, Natural Peanut Butters are good",Ashkenazim should avoid items that are Considered Kitniyot,P,A
Condiments,Splenda,Sweetener,Sugar Substitute Packets   ,,P,A
Condiments,Sweet-n-Low,Sweetener,Sugar Substitute Packets   ,,P,A
Condiments,Trader Joe's,"Dips, Salsas & Spreads",Almond Butter,,P,A
Condiments,Trader Joe's,"Dips, Salsas & Spreads",Apple Butter,,P,A
Condiments,Trader Joe's,"Dips, Salsas & Spreads",Clover Honey,,P,A
Condiments,Trader Joe's,"Dips, Salsas & Spreads",Creamed Honey,,P,A
Condiments,Trader Joe's,"Dips, Salsas & Spreads",Creamy Salted Peanut Butter,,P,S
Condiments,Trader Joe's,"Dips, Salsas & Spreads",Creamy Unsalted Peanut Butter,,P,S
Condiments,Trader Joe's,"Dips, Salsas & Spreads",Crunchy Salted Peanut Butter,,P,S
Condiments,Trader Joe's,"Dips, Salsas & Spreads",Crunchy Unsalted Peanut Butter,,P,S
Condiments,Trader Joe's,"Dips, Salsas & Spreads",Garlic Hummus,,P,S
Condiments,Trader Joe's,"Dips, Salsas & Spreads",Honey Roasted Crunchy Peanut Butter,,P,S
Condiments,Trader Joe's,"Dips, Salsas & Spreads",Hummus Dip,,P,S
Condiments,Trader Joe's,Sauce,Marinara Sauce,,,A
Condiments,Trader Joe's,"Dips, Salsas & Spreads",Organic Creamy Peanut Butter,,P,S
Condiments,Trader Joe's,"Dips, Salsas & Spreads",Pickle Relish,,P,A
Condiments,Trader Joe's,Nuts,Raw and Roasted Nuts ,(Ashkenazim should avoid those that they consider Kitniyot),P,A
Condiments,Trader Joe's,"Dips, Salsas & Spreads",Roasted Red Pepper Hummus Dip,,P,S
Condiments,Trader Joe's,"Dips, Salsas & Spreads","Roasted Soybean Butter, Smooth and Crunchy",,P,S
Condiments,Trader Joe's,"Dips, Salsas & Spreads",Sun Dried Tomato Hummus,,P,S
Condiments,Truvia,Sweetener,Sugar Substitute Packets (Stevia),,P,A
Dairy Aisle,All Brands,Cream,All 100% cream,,D,A
Dairy Aisle,All Brands,Milk,All 100% Milk,,D,A
Dairy Aisle,All Brands,Spreads,Butter,with the following ingredients only; cream &/or natural flavors,D,A
Dairy Aisle,All Brands,Eggs,Eggs,,P,A
Dairy Aisle,All Brands,Milk,Milk,,D,A
Dairy Aisle,All Brands,Milk,Organic Milk,,D,A
Dairy Aisle,all kosher brands  ,Cheese,Cheese,"with the following ingredients only; milk, salt, enzymes, cheese, &/or coloring",D,A
Dairy Aisle,Breakstone's,Sour Cream,Sour Cream,Reduced Fat,D,A
Dairy Aisle,Breakstone's,Sour Cream,Sour Cream,Regular,D,A
Dairy Aisle,Dairy Ease,Dairy Substitutes,Lactose Free Milk,,D,A
Dairy Aisle,Dannon,Yogurt,Plain Lowfat Yogurt,,D,A
Dairy Aisle,Dannon,Yogurt,Plain Nonfat Yogurt,,D,A
Dairy Aisle,Dannon,Yogurt,Plain Yogurt,,D,A
Dairy Aisle,Dannon,Yogurt,Yogurt Light & Fit - Greek,Banan Cream,D,A
Dairy Aisle,Dannon,Yogurt,Yogurt Light & Fit - Greek,Blackberry,D,A
Dairy Aisle,Dannon,Yogurt,Yogurt Light & Fit - Greek,Blueberry,D,A
Dairy Aisle,Dannon,Yogurt,Yogurt Light & Fit - Greek,Caramel Macchiato,D,A
Dairy Aisle,Dannon,Yogurt,Yogurt Light & Fit - Greek,Cherry,D,A
Dairy Aisle,Dannon,Yogurt,Yogurt Light & Fit - Greek,Cherry Chocolate,D,A
Dairy Aisle,Dannon,Yogurt,Yogurt Light & Fit - Greek,Key Lime,D,A
Dairy Aisle,Dannon,Yogurt,Yogurt Light & Fit - Greek,Peach,D,A
Dairy Aisle,Dannon,Yogurt,Yogurt Light & Fit - Greek,Pineapple,D,A
Dairy Aisle,Dannon,Yogurt,Yogurt Light & Fit - Greek,Pomegranate Berry,D,A
Dairy Aisle,Dannon,Yogurt,Yogurt Light & Fit - Greek,Raspberry,D,A
Dairy Aisle,Dannon,Yogurt,Yogurt Light & Fit - Greek,Raspberry Chocolate,D,A
Dairy Aisle,Dannon,Yogurt,Yogurt Light & Fit - Greek,Strawberry,D,A
Dairy Aisle,Dannon,Yogurt,Yogurt Light & Fit - Greek,Strawberry Banana,D,A
Dairy Aisle,Dannon,Yogurt,Yogurt Light & Fit - Greek,Strawberry Cheesecake,D,A
Dairy Aisle,Dannon,Yogurt,Yogurt Light & Fit - Greek,Toasted Coconut Vanilla,D,A
Dairy Aisle,Dannon,Yogurt,Yogurt Light & Fit - Greek,Vanilla,D,A
Dairy Aisle,Eggs Beaters,Eggs Beaters,Eggs Beaters,,P,A
Dairy Aisle,Fleischmann's,Margarine,Margarine,Original,P,S
Dairy Aisle,Nesquik,Chocolate Milk,Chocolate Milk,,D,A
Dairy Aisle,Nesquik,Strawberry Milk,Strawberry Milk,,D,A
Dairy Aisle,Papetti Foods ,Eggs,All Whites Liquid Egg Whites,,P,A
Dairy Aisle,Reddi Wip,Whipped Cream,Whipped Cream,Original,D,A
Dairy Aisle,Rice Dream,Milk Substitute,Non Dairy Beverage,Chocolate,P,S
Dairy Aisle,Rice Dream,Milk Substitute,Non Dairy Beverage,Vanilla Flavor,P,S
Dairy Aisle,Soy Garden ,"Dips, Salsas & Spreads",Earth Balance Natural Buttery Spread,,P,S
Dairy Aisle,Trader Joe's,Oat Beverage,Non-Dairy Chocolate Oat Beverage,,P,A
Dairy Aisle,Trader Joe's,Dairy Substitutes,"Soymilk: Vanilla, Chocolate and Organic Original",,P,S
Dairy Aisle,Trader Joe's,Yogurt,Yogurt,All flavors except Vanilla and Vanana*,D,A
Dairy Aisle,Westsoy,Dairy Substitutes,"Westsoy 100% Organic Unsweetened Soy Beverage,    Original",,P,S
Dairy Aisle,Westsoy,Dairy Substitutes,"Westsoy Lite Soy Beverage, Vanilla",,P,S
Dairy Aisle,Yoohoo,Chocolate Milk,Chocolate Milk,,D,A
Dairy Aisle,Yoplait,Yogurt,Blackberry Harvest Yogurt,,D,A
Dairy Aisle,Yoplait,Yogurt,Blackberry Pomegranate Yogurt,,D,A
Dairy Aisle,Yoplait,Yogurt,Boston Cream pie Yogurt,,D,A
Dairy Aisle,Yoplait,Yogurt,Cherry Orchard Yogurt,,D,A
Dairy Aisle,Yoplait,Yogurt,Cherry Pomegranate Yogurt,,D,A
Dairy Aisle,Yoplait,Yogurt,French Vanilla Yogurt,,D,A
Dairy Aisle,Yoplait,Yogurt,Harvest Peach Yogurt,,D,A
Dairy Aisle,Yoplait,Yogurt,Key Lime Pie Yogurt,,D,A
Dairy Aisle,Yoplait,Yogurt,Lemon Burst Yogurt,,D,A
Dairy Aisle,Yoplait,Yogurt,Mango Yogurt,,D,A
Dairy Aisle,Yoplait,Yogurt,Mixed Berry Yogurt,,D,A
Dairy Aisle,Yoplait,Yogurt,Mountain Blueberry Yogurt,,D,A
Dairy Aisle,Yoplait,Yogurt,Orange Cream Yogurt,,D,A
Dairy Aisle,Yoplait,Yogurt,Pina Colada Yogurt,,D,A
Dairy Aisle,Yoplait,Yogurt,Pineapple Yogurt,,D,A
Dairy Aisle,Yoplait,Yogurt,Red Raspberry Yogurt,,D,A
Dairy Aisle,Yoplait,Yogurt,Strawberry Kiwi Yogurt,,D,A
Dairy Aisle,Yoplait,Yogurt,Strawberry Mango Yogurt,,D,A
Dairy Aisle,Yoplait,Yogurt,Strawberry Yogurt,,D,A
Dairy Aisle,Yoplait,Yogurt,Strwaberry Cheesecake Yogurt,,D,A
Dairy Aisle,Yoplait,Yogurt,Strwaberry Lemonade Yogurt,,D,A
Dairy Aisle,Yoplait,Yogurt,Tropical Yogurt,,D,A
Desserts,Breyer’s,Ice Cream,Ice Cream,Coffee,D,A
Desserts,Breyer’s,Ice Cream,Ice Cream,Fat Free - French Chocolate,D,A
Desserts,Breyer’s,Ice Cream,Ice Cream,Vanilla-Chocolate- Strawberry,D,A
Desserts,Breyer’s,Ice Cream,Ice Cream,Natural Strawberry,D,A
Desserts,Breyer’s,Ice Cream,Ice Cream,Butter Almond,D,A
Desserts,Breyer’s,Ice Cream,Ice Cream,Fat Free - Strawberry,D,A
Desserts,Breyer’s,Ice Cream,Ice Cream,Peach,D,A
Desserts,Breyer’s,Ice Cream,Ice Cream,Rocky Road,D,A
Desserts,Breyer’s,Ice Cream,Ice Cream,Chocolate,D,A
Desserts,Breyer’s,Ice Cream,Ice Cream,Butter Pecan,D,A
Desserts,Breyer’s,Ice Cream,Ice Cream,Extra Creamy Chocolate,D,A
Desserts,Breyer’s,Ice Cream,Ice Cream,Homemade Vanilla,D,A
Desserts,Breyer’s,Ice Cream,Ice Cream,Mint Chocolate chip,D,A
Desserts,Breyer’s,Ice Cream,Ice Cream,Lactose Free Chocolate,D,A
Desserts,Breyer’s,Ice Cream,Ice Cream,Carb Smart Chocolate,D,A
Desserts,Breyer’s,Ice Cream,Ice Cream,No Sugar Added-Butter Pecan,D,A
Desserts,Breyer’s,Ice Cream,Ice Cream,1/2 the fat-creamy chocolate,D,A
Desserts,Double Rainbow ,Sorbet,Sorbet,"Sorbet, Chocolate",P,A
Desserts,Double Rainbow ,Sorbet,Sorbet,"Sorbet, Lemon",P,A
Desserts,Double Rainbow ,Sorbet,Sorbet,"Sorbet, Coconut",P,A
Desserts,Double Rainbow ,Sorbet,Sorbet,"Sorbet, Raspberry",P,A
Desserts,Double Rainbow ,Sorbet,Sorbet,"Sorbet, Mango Tangerine",P,A
Desserts,Dove Bar,Ice Cream,Chocolate Ice Cream with Dove Dark Chocolate,,D,A
Desserts,Dove Bar,Ice Cream,Mango Sorbet with Dove Dark Chocolate ,,D,A
Desserts,Dove Bar,Ice Cream,Raspberry Sorbet with Dove Dark Chocolate,,D,A
Desserts,Dove Bar,Ice Cream,Salted Caramel Gelato with Dove Dark Chocolate and Butter Toffee Bits,,D,A
Desserts,Dove Bar,Ice Cream,Strawberry Sorbet with Dove Milk Chocolate,,D,A
Desserts,Dove Bar,Ice Cream,Vanilla Ice Cream with Dove Dark Chocolate,,D,A
Desserts,Dove Bar,Ice Cream,Vanilla Ice Cream with Dove Milk Chocolate,,D,A
Desserts,Dove Bar,Ice Cream,Vanilla Ice Cream with Dove Milk Chocolate and Almonds,,D,A
Desserts,Dove Bar,Ice Cream,Vanilla-Caramel Swirl Ice Cream with Dove Milk Chocolate and Cashews,,D,A
Desserts,Edy's,Ice Cream,Grand Ice Cream,Rocky Road,D,A
Desserts,Edy's,Ice Cream,Grand Ice Cream,Caramel Delight,D,A
Desserts,Edy's,Ice Cream,Grand Ice Cream,Chocolate,D,A
Desserts,Edy's,Ice Cream,Grand Ice Cream,Butter Pecan ,D,A
Desserts,Edy's,Ice Cream,Grand Ice Cream,Coffee,D,A
Desserts,Edy's,Ice Cream,Grand Ice Cream,Real Strawberry,D,A
Desserts,Edy's,Ice Cream,Sherbet,Orange Cream,D,A
Desserts,Edy's,Ice Cream,Slow Churned Ice Cream,1/2 the fat Butter Pecan  ,D,A
Desserts,Edy's,Ice Cream,Slow Churned Ice Cream,1/2 the fat Chocolate ,D,A
Desserts,Edy's,Ice Cream,Slow Churned Ice Cream,"""No Sugar Added"" mint chocolate chip",D,A
Desserts,Edy's,Ice Cream,Slow Churned Ice Cream,1/2 the fat Coffee ,D,A
Desserts,Edy's,Ice Cream,Slow Churned Ice Cream,1/2 the fat Mint Chocolate Chip,D,A
Desserts,Edy's,Ice Cream,Slow Churned Yogurt Blend,Slow Churned-Yogurt Blend-Cappucino chip,D,A
Desserts,Fat Boy ,Ice Cream,Gluten-Free Ice Cream Cones,,D,A
Desserts,Fat Boy ,Ice Cream,Gluten-Free Ice Cream Sandwiches,,D,A
Desserts,Haagen Dazs,Ice Cream,Frozen Yogurt,Coffee      ,D,A
Desserts,Haagen Dazs,Ice Cream,Ice Cream,Bananas Foster      ,D,A
Desserts,Haagen Dazs,Ice Cream,Ice Cream,Java Chip,D,A
Desserts,Haagen Dazs,Ice Cream,Ice Cream,Mango,D,A
Desserts,Haagen Dazs,Ice Cream,Ice Cream,Chocolate      ,D,A
Desserts,Haagen Dazs,Ice Cream,Ice Cream,Chocolate Chocolate Chip (NOT with cookie dough),D,A
Desserts,Haagen Dazs,Ice Cream,Ice Cream,Chocolate Peanut Butter      ,D,A
Desserts,Haagen Dazs,Ice Cream,Ice Cream,Coffee      ,D,A
Desserts,Haagen Dazs,Ice Cream,Ice Cream,Crème Brulée      ,D,A
Desserts,Haagen Dazs,Ice Cream,Ice Cream,Mint Chip      ,D,A
Desserts,Haagen Dazs,Ice Cream,Ice Cream,Pineapple Coconut      ,D,A
Desserts,Haagen Dazs,Ice Cream,Ice Cream,Pistachio      ,D,A
Desserts,Haagen Dazs,Ice Cream,Ice Cream,Rocky Road      ,D,A
Desserts,Haagen Dazs,Ice Cream,Ice Cream,Rum Raisin      ,D,A
Desserts,Haagen Dazs,Ice Cream,Ice Cream,Strawberry      ,D,A
Desserts,Haagen Dazs,Ice Cream,Ice Cream,White Chocolate Raspberry Truffle          ,D,A
Desserts,Haagen-Dazs ,Ice Cream,Chocolate Dark Chocolate Ice Cream Bar,,D,A
Desserts,Haagen-Dazs ,Ice Cream,Coffee Almond Crunch Ice Cream Bar,,D,A
Desserts,Haagen-Dazs ,Ice Cream,Peppermint Bark Ice Cream Bar,,D,A
Desserts,Haagen-Dazs ,Ice Cream,Vanilla Milk Chocolate Almond Ice Cream Bar,,D,A
Desserts,Haagen-Dazs ,Ice Cream,Vanilla Milk Chocolate Ice Cream Bar,,D,A
Desserts,Klondike,Ice Cream,Klondike Dale Jr Checkered Flag Vanilla Chocolate Vanilla Frozen Dairy Dessert Bar,,D,A
Desserts,Klondike,Ice Cream,Klondike Dark Chocolate Frozen Dairy Dessert Bar,,D,A
Desserts,Klondike,Ice Cream,Klondike Double Chocolate Frozen Dairy Dessert Bar,,D,A
Desserts,Klondike,Ice Cream,Klondike Heath Toffee Frozen Dairy Dessert Bar ,,D,A
Desserts,Klondike,Ice Cream,Klondike Mint Chocolate Chip Frozen Dairy Dessert Bar,,D,A
Desserts,Klondike,Ice Cream,Klondike Neapolitan Frozen Dairy Dessert Bar,,D,A
Desserts,Klondike,Ice Cream,Klondike Reese's Peanut Butter Dairy Dessert Bar,,D,A
Desserts,Klondike,Ice Cream,The Original Klondike Bar,,D,A
Desserts,MR. FREEZE ,Ices,Freezer Bars ,"(Assorted Flavors, Tropical Flavors)",P,A
Desserts,Sharon's ,Sorbet,Sorbet,All Flavors,P,A
Desserts,Tofutti ,Ice Cream,Chocolate Fudge Treats,Chocolate Fudge Treats,P,S
Desserts,Tofutti ,Ice Cream,Totally Fudge,Totally Fudge Treats,P,S
Desserts,Weight Watchers,Ice Cream,Fruit Ice Bar,Fruit Ice Bar-Strawberry,P,A
Desserts,Weight Watchers,Ice Cream,Ice Cream Bar,Giant Chocolate Fudge Bars,D,A
Drinks,All,coffee,All pure coffees,including Decaf,P,A
Drinks,All Brands,Juice,all 100% fruit juice ,,P,A
Drinks,Any,Fruit Juice,100% Fruit Juice,,P,A
Drinks,Any,Water,Water,,P,A
Drinks,Capri,Soft Drink,CAPRI SUN ALL NATURAL Juice Drink ,(All flavors),P,A
Drinks,Coca-Cola® ,Soda,Barq's® creme sodas,,P,A
Drinks,Coca-Cola® ,Soda,Barq's® diet creme sodas,,P,A
Drinks,Coca-Cola® ,Soda,Barq's® root beer,,P,A
Drinks,Coca-Cola® ,Soda,caffeine free Coca-Cola® classic,,P,A
Drinks,Coca-Cola® ,Soda,caffeine free diet Coke®,,P,A
Drinks,Coca-Cola® ,Soda,Cherry Coke®,,P,A
Drinks,Coca-Cola® ,Soda,Coca-Cola® classic,,P,A
Drinks,Coca-Cola® ,Tea,Cool from Nestea®,,P,A
Drinks,Coca-Cola® ,Water,DASANI™,,P,A
Drinks,Coca-Cola® ,Soda,diet Barq's® root beer,,P,A
Drinks,Coca-Cola® ,Soda,diet Cherry Coke®,,P,A
Drinks,Coca-Cola® ,Soda,diet Coke®,,P,A
Drinks,Coca-Cola® ,Tea,diet Cool from Nestea®,,P,A
Drinks,Coca-Cola® ,Soda,diet Mello Yello®,,P,A
Drinks,Coca-Cola® ,Soda,diet Mr. Pibb®,,P,A
Drinks,Coca-Cola® ,Tea,diet Nestea® iced tea,,P,A
Drinks,Coca-Cola® ,Soda,diet Sprite®,,P,A
Drinks,Coca-Cola® ,Soda,Fanta®,,P,A
Drinks,Coca-Cola® ,Soda,Fresca®,,P,A
Drinks,Coca-Cola® ,juice,Fruitopia®,,P,A
Drinks,Coca-Cola® ,Juice,Hi-C®,,P,A
Drinks,Coca-Cola® ,Soda,Mello Yello®,,P,A
Drinks,Coca-Cola® ,juice,Minute Maid® soft drinks and juices,,P,A
Drinks,Coca-Cola® ,Soda,Mr. Pibb®,,P,A
Drinks,Coca-Cola® ,Tea,Nestea® iced teas,,P,A
Drinks,Coca-Cola® ,Energy Drink,POWERãDE®,,P,A
Drinks,Coca-Cola® ,Soda,Sprite®,,P,A
Drinks,Coca-Cola® ,Soda,SURGE®,,P,A
Drinks,Coca-Cola® ,Soda,TAB®,,P,A
Drinks,Crystal Geyser,Water,Crystal Geyser Alpine Spring Water,,P,A
Drinks,CRYSTAL LIGHT ,Soft Drink,Low Calorie Soft Drink Mix, (All flavors),P,A
Drinks,Dr. Pepper/7UP,Soda,7UP,,P,A
Drinks,Dr. Pepper/7UP,Soda,A&W (Root Beer & Cream Soda),,P,A
Drinks,Dr. Pepper/7UP,Soda,Canada Dry (Ginger Ale),,P,A
Drinks,Dr. Pepper/7UP,Fruit Juice,Country Time Ready-to-Drink,,P,A
Drinks,Dr. Pepper/7UP,Soda,Crush,,P,A
Drinks,Dr. Pepper/7UP,Soda,Crystal Light Ready-to-Drink,,P,A
Drinks,Dr. Pepper/7UP,Soda,Dr. Pepper,,P,A
Drinks,Dr. Pepper/7UP,Soda,Hires,,P,A
Drinks,Dr. Pepper/7UP,Soda,IBC (Root Beer & Cream Soda),,P,A
Drinks,Dr. Pepper/7UP,Soda,Schweppes (Ginger Ale),,P,A
Drinks,Fiji,Water,Fiji Natural Artesian Water,,P,A
Drinks,Fresca,Soda,Grapefruit Flavored Soda,,P,A
Drinks,Gatorade,Thirst Quencher,Thirst Quencher,Cool Blue,P,A
Drinks,Gatorade,Thirst Quencher,Thirst Quencher,Berry Citrus,P,A
Drinks,Gatorade,Thirst Quencher,Thirst Quencher,Grape,P,A
Drinks,Gatorade,Thirst Quencher,Thirst Quencher,Fierce Melon,P,A
Drinks,Gatorade,Thirst Quencher,Thirst Quencher,Fruit Punch,P,A
Drinks,Gatorade,Thirst Quencher,Thirst Quencher,Glacier Freeze,P,A
Drinks,Gatorade,Thirst Quencher,Thirst Quencher,Lemon Lime,P,A
Drinks,Gatorade,Thirst Quencher,Thirst Quencher,Orange,P,A
Drinks,Gravenstein,Juices,Gravenstein Apple Juice,,P,A
Drinks,Hansen's,Soda,"Hansen’s Diet Soda, Black Cherry",,P,A
Drinks,Hansen's,Soda,"Hansen’s Diet Soda, Kiwi Strawberry",,P,A
Drinks,Hansen's,Soda,"Hansen’s Diet Soda, Tangerine Lime",,P,A
Drinks,Heinz,Juice,Tomato Juice,,P,A
Drinks,Kashi GoLean,Soft Drinks,Kashi GoLean Vanilla Shake ,,,A
Drinks,KOOL-AID ,Soft Drink,KOOL-AID BURSTS Ready-to-Drink Soft Drinks (All flavors),,P,A
Drinks,KOOL-AID ,Soft Drink,KOOL-AID Sugar Sweetened Soft  Drink Mix (All flavors),,P,A
Drinks,KOOL-AID ,Soft Drink,KOOL-AID Unsweetened Soft Drink Mix (All flavors),,P,A
Drinks,KOOL-AID ,Soft Drink,KOOL-AID  Sugar Free Low Calorie Soft Drink Mix (All flavors),,P,A
Drinks,Kraft Foods,Juice Drinks,CAPRI SUN ALL NATURAL Juice Drink,All Flavors,P,A
Drinks,Kraft Foods,Juice Drinks,CRYSTAL LIGHT Low Calorie Soft Drink Mix,All Flavors,P,A
Drinks,Kraft Foods,Juice Drinks,KOOL-AID BURSTS Ready-to-Drink Soft Drinks,All Flavors,P,A
Drinks,Kraft Foods,Juice Drinks,KOOL-AID Sugar Sweetened Soft  Drink Mix,All Flavors,P,A
Drinks,Kraft Foods,Juice Drinks,KOOL-AID Unsweetened Soft Drink Mix,All Flavors,P,A
Drinks,Kraft Foods,Juice Drinks,KOOL-AID  Sugar Free Low Calorie Soft Drink Mix,All Flavors,P,A
Drinks,Lakewood,Juices,Lakewood Organic Apple Juice,,P,A
Drinks,Lakewood,Juices,Lakewood Organic Carrot Orange,,P,A
Drinks,Lakewood,Juices,Lakewood Organic Concord Grape,,P,A
Drinks,Lakewood,Juices,Lakewood Organic Cranberry Lemonade,,P,A
Drinks,Lakewood,Juices,Lakewood Organic Pineapple,,P,A
Drinks,Lakewood,Juices,Lakewood Organic White Grape,,P,A
Drinks,McIntosh,Juices,McIntosh Apple,,P,A
Drinks,Ocean Spray ,Juice Drinks,Drinks,Cran-Apple,P,A
Drinks,Ocean Spray ,Juice Drinks,Drinks,Cran-Raspberry,P,A
Drinks,Ocean Spray ,Juice Drinks,Drinks,Cran-Strawberry,P,A
Drinks,Ocean Spray ,Juice Drinks,Drinks,Ruby Red Grapefruit Blend,P,A
Drinks,Ocean Spray ,Juice Drinks,Drinks,Ruby Red Grapefruit Cocktail,P,A
Drinks,Ocean Spray ,Juice Drinks,Drinks,Ruby Strawberry,P,A
Drinks,Ocean Spray ,Juice Drinks,Drinks,White Grapefruit,P,A
Drinks,Oregon Chai,Soft Drinks,Oregon Chai Caffeine Free,,P,A
Drinks,Oregon Chai,Soft Drinks,Oregon Chai The Original Tea Latte concentrate,,P,A
Drinks,Pepsi,Soda,All soft drinks,,P,A
Drinks,Pepsi Caffeine Free,Soda,Cola Soda,All types,P,A
Drinks,Pepsi Cola,Soda,Cola Soda,All types,P,A
Drinks,Pepsi ONE,Soda,Pepsi ONE Soda,All types,P,A
Drinks,Perrier,Soda,Sparkling Water,All types,P,A
Drinks,Poland Spring,Water,Poland Spring Sparkling Spring Water,,P,A
Drinks,Poland Spring,Water,"Poland Spring Sparkling Spring Water, Lemon",,P,A
Drinks,Poland Spring,Water,"Poland Spring Sparkling Spring Water, Lime",,P,A
Drinks,Poland Spring,Water,"Poland Spring Sparkling Spring Water, Mandarin    Orange",,P,A
Drinks,Reed's,Soda,Reed’s Raspberry Ginger Brew,,P,A
Drinks,Sadaf,Water,Rose Water,,P,A
Drinks,San Pellegrino,Water,San Pellegrino Sparkling Mineral Water,,P,A
Drinks,Schweppes,Soda,Ginger Ale,(Reg. & Diet) Dry Grape,P,A
Drinks,Schweppes,Soda,Ginger Ale,(Reg. & Diet) plain,P,A
Drinks,Schweppes,Soda,Ginger Ale,(Reg. & Diet) Raspberry,P,A
Drinks,Seagrams,Soda,Ginger Ale,(Reg. & Diet),P,A
Drinks,Seven Up,Soda,Lemon Soda,,P,A
Drinks,The Minute Maid Company,Mixers,Bacardi® Mixers,All types,P,A
Drinks,The Minute Maid Company,Drinks,Bright & Early®,All types,P,A
Drinks,The Minute Maid Company,Juice Drinks,Five Alive®,All types,P,A
Drinks,The Minute Maid Company,Juice Drinks,Hi-C® Fruit Drinks,All types,P,A
Drinks,The Minute Maid Company,Juice,"Minute Maid® Premium Juices, Lemonades and Fruit Punches",All types,P,A
Drinks,The Minute Maid Company,Juice,Minute Maid® Premium Orange Juice,All types,P,A
Drinks,The Minute Maid Company,Juice Drinks,Minute Maid® Soft Frozen Lemonade,All types,P,A
Drinks,Trader Joe's,Juices,100 % Cranberry Juice,,P,A
Drinks,Trader Joe's,Juices,Apricot Peach Medley,,P,A
Drinks,Trader Joe's,Juices,Berry Patch,,P,A
Drinks,Trader Joe's,Juices,Blackberry Crush,,P,A
Drinks,Trader Joe's,Juices,Dixie Peach,,P,A
Drinks,Trader Joe's,Juices,Dynamo,,P,A
Drinks,Trader Joe's,Water,"Fruit Water (Watermelon, Raspberry Lime)",,P,A
Drinks,Trader Joe's,Juices,Grape Juice,,P,A
Drinks,Trader Joe's,Juices,Grapefruit Groove,,P,A
Drinks,Trader Joe's,Fresh Juice,Grapefruit Juice,,P,A
Drinks,Trader Joe's,Soft Drinks,Lemon Ginger Echinacea,,P,A
Drinks,Trader Joe's,Water,Natural Spring Water,,P,A
Drinks,Trader Joe's,Fresh Juice,Orange Juice (all varieties),,P,A
Drinks,Trader Joe's,Juices,Organic Cranberry Apple Juice,,P,A
Drinks,Trader Joe's,Juices,Organic Cranberry Harvest,,P,A
Drinks,Trader Joe's,Juices,Organic Mango Nectar,,P,A
Drinks,Trader Joe's,Juices,Organic Morello Cherry Reserve,,P,A
Drinks,Trader Joe's,Fresh Juice,Pineapple Orange Juice,,P,A
Drinks,Trader Joe's,Fresh Juice,Samantha Tangerine Juice,,P,A
Drinks,Tropicana Twister,Juice Drinks,Fruit Drink,Cherry Berry Blast,P,A
Drinks,Tropicana Twister,Juice Drinks,Fruit Drink,Orange Strawberry Banana,P,A
Drinks,Tropicana Twister,Juice Drinks,Fruit Drink,Strawberry Kiwi,P,A
Drinks,Tropicana Twister,Juice Drinks,Fruit Drink,Tropical Fruit Fury,P,A
Drinks,Tropicana Twister Light,Juice Drinks,Fruit Drink,Blue Raspberry Rush,P,A
Drinks,V-8,Juice Drinks,Vegetable Juice,all flavors,P,A
Drinks,Vintage,Soda,Seltzer,all flavors,P,A
Drinks,Vruit,Juices,Vruit Apple Carrot Blend,,P,A
Drinks,Vruit,Juices,Vruit Berry Veggie Blend,,P,A
Fruits & Vegetables,All Brands,Fruits,Dried Fruits,all 100% Fruits with salt &/or citric acid,P,A
Fruits & Vegetables,All Brands,Fruits,Fresh Fruits,all 100% Fruits with salt &/or citric acid,P,A
Fruits & Vegetables,All Brands,Grape Leaves,Grape Leaves,all 100% grape leaves,P,A
Fruits & Vegetables,All Brands,Vegetables,Vegetables,all 100% vegetables with salt &/or citric acid,P,A
Fruits & Vegetables,Del Monte,Fruit,All canned & jarred fruits,,P,A
Fruits & Vegetables,Del Monte,Vegetables,All canned vegetables,,P,A
Fruits & Vegetables,Del Monte,Fruit,All fruit Cups,,P,A
Fruits & Vegetables,Del Monte,Vegetables,Tomatoes & Tomato Products,,P,A
Fruits & Vegetables,Krinos,olives,Imported Kalamata Olives,,P,A
Fruits & Vegetables,Trader Joe's,"Dressings, Marinades & Sauces",Organic Extra Firm Tofu,,P,S
Fruits & Vegetables,Trader Joe's,"Dressings, Marinades & Sauces",Organic Firm Tofu,,P,S
Fruits & Vegetables,Trader Joe's,olives,Pitted Kalamata Olives,,P,A
Fruits & Vegetables,Trader Joe's,Fruits,plain fruits are packaged without Chametz.,,P,A
Fruits & Vegetables,Trader Joe's,Vegetables,Trader Joe’s plain vegetables are packaged without gluten. ,(Ashkenazim should avoid those that they consider Kitniyot),P,A
Grains & Rice,All Brands,Peas & Beans,Chick Peas,all 100% Chick Peas,P,S
Grains & Rice,Carolina,Rice,Rice,Whole Grain Brown,P,S
Grains & Rice,Carolina,Rice,Rice,white rice,P,S
Grains & Rice,Carolina,Rice,Rice,Medium grain white,P,S
Grains & Rice,Carolina®,Rice,Rice,Authentic Spanish Rice Mix,P,S
Grains & Rice,Carolina®,Rice,Rice,Gold Rice,P,S
Grains & Rice,Carolina®,Rice,Rice,Long Grain Wild Rice with Seasonings,P,S
Grains & Rice,Carolina®,Rice,Rice,Enriched Extra Long Grain White Rice,P,S
Grains & Rice,Carolina®,Rice,Rice,Saffron Yellow Rice Mix,P,S
Grains & Rice,Mahatma® Rice,Rice,Rice,Brown Rice,P,S
Grains & Rice,Mahatma® Rice,Rice,Rice,Jasmine,P,S
Grains & Rice,Mahatma® Rice,Rice,Rice,Long Grain and Wild Rice Mix,P,S
Grains & Rice,Mahatma® Rice,Rice,Rice,Saffron Yellow Rice Mix,P,S
Grains & Rice,Mahatma® Rice,Rice,Rice,Valencia (Short Grain),P,S
Grains & Rice,Mahatma® Rice,Rice,Rice,White Rice,P,S
Grains & Rice,River® Rice,Rice,Rice,Brown Rice,P,S
Grains & Rice,River® Rice,Rice,Rice,Medium Grain White Rice,P,S
Grains & Rice,Success® ,Rice,Rice,Brown Rice ,P,S
Grains & Rice,Success® ,Rice,Rice,White Rice ,P,S
Grains & Rice,UNCLE BEN'S® ,Rice,Rice,Boil-in-Bag White Rice,P,S
Grains & Rice,UNCLE BEN'S® ,Rice,Rice,Instant Brown Rice,P,S
Grains & Rice,UNCLE BEN'S® ,Rice,Rice,Instant Rice (White),P,S
Grains & Rice,UNCLE BEN'S® ,Rice,Rice,Whole Grain Brown Rice,P,S
Grains & Rice,UNCLE BEN'S® ,Rice,Rice,ORIGINAL CONVERTED® Brand Rice,P,S
Grains & Rice,UNCLE BEN'S® ,Rice,Rice,"Specialty Rices (Basmati, Jasmine)",P,S
Grains & Rice,Water Maid® ,Rice,Rice,Medium Grain White Rice,P,S
Ingredient,Ingredient,Ingredient,Acacia Gum,,P,A
Ingredient,Ingredient,Ingredient,Acacia Gum,,P,A
Ingredient,Ingredient,Ingredient,Acesulfame K,,P,A
Ingredient,Ingredient,Ingredient,Acesulfame Potassium,,P,A
Ingredient,Ingredient,Ingredient,Acetanisole,,P,A
Ingredient,Ingredient,Ingredient,Acetophenone,,P,A
Ingredient,Ingredient,Ingredient,Acorn Quercus,,P,A
Ingredient,Ingredient,Ingredient,Adipic Acid,,P,A
Ingredient,Ingredient,Ingredient,Adzuki Bean,,P,S
Ingredient,Ingredient,Ingredient,Agar,,P,A
Ingredient,Ingredient,Ingredient,Agave,,P,A
Ingredient,Ingredient,Ingredient,Albumen,,P,A
Ingredient,Ingredient,Ingredient,Alfalfa,,P,A
Ingredient,Ingredient,Ingredient,Algae,,P,A
Ingredient,Ingredient,Ingredient,Algin,,P,A
Ingredient,Ingredient,Ingredient,Alginate,,P,A
Ingredient,Ingredient,Ingredient,Alginic Acid,,P,A
Ingredient,Ingredient,Ingredient,Alkalized Cocoa,,P,A
Ingredient,Ingredient,Ingredient,Allicin,,P,A
Ingredient,Ingredient,Ingredient,Almond Nut,,P,A
Ingredient,Ingredient,Ingredient,Alpha-amylase,,P,A
Ingredient,Ingredient,Ingredient,Alpha-lactalbumin,,P,A
Ingredient,Ingredient,Ingredient,Aluminum,,P,A
Ingredient,Ingredient,Ingredient,Amaranth,,P,A
Ingredient,Ingredient,Ingredient,Ambergris,,P,A
Ingredient,Ingredient,Ingredient,Ammonium Hydroxide,,P,A
Ingredient,Ingredient,Ingredient,Ammonium Phosphate,,P,A
Ingredient,Ingredient,Ingredient,Ammonium Sulphate,,P,A
Ingredient,Ingredient,Ingredient,Amylopectin,,P,A
Ingredient,Ingredient,Ingredient,Amylose,,P,A
Ingredient,Ingredient,Ingredient,Annatto,,P,A
Ingredient,Ingredient,Ingredient,Annatto Color,,P,A
Ingredient,Ingredient,Ingredient,Apple Cider Vinegar,,P,A
Ingredient,Ingredient,Ingredient,Arabic Gum,,P,A
Ingredient,Ingredient,Ingredient,Arrowroot,,P,A
Ingredient,Ingredient,Ingredient,Artichokes,,P,A
Ingredient,Ingredient,Ingredient,Artificial Butter Flavor,,P,A
Ingredient,Ingredient,Ingredient,Artificial Flavoring,,P,A
Ingredient,Ingredient,Ingredient,Artificial Flavors,,P,A
Ingredient,Ingredient,Ingredient,Artocarpus Altilis (breadfruit),,P,A
Ingredient,Ingredient,Ingredient,Ascorbic Acid,,P,A
Ingredient,Ingredient,Ingredient,Aspartame (can cause IBS symptoms),,P,A
Ingredient,Ingredient,Ingredient,Aspartic Acid,,P,A
Ingredient,Ingredient,Ingredient,Atadwe (tigernut),,P,A
Ingredient,Ingredient,Ingredient,Autolyzed yeast (msg),,P,A
Ingredient,Ingredient,Ingredient,Autolyzed Yeast Extract (msg),,P,A
Ingredient,Ingredient,Ingredient,Avena Sativia (Oats3),,P,A
Ingredient,Ingredient,Ingredient,Avena Sativia Extract (from Oats3),,P,A
Ingredient,Ingredient,Ingredient,Avidin,,P,A
Ingredient,Ingredient,Ingredient,Azodicarbonamide,,P,A
Ingredient,Ingredient,Ingredient,Bajra (pearl millet),,P,S
Ingredient,Ingredient,Ingredient,Bajra flour (pearl millet flour),,P,S
Ingredient,Ingredient,Ingredient,Baking Soda,,P,A
Ingredient,Ingredient,Ingredient,Bean Romano (Chickpea),,P,S
Ingredient,Ingredient,Ingredient,Bean Tepary,,P,S
Ingredient,Ingredient,Ingredient,"Bean, Adzuki",,P,S
Ingredient,Ingredient,Ingredient,"Bean, Hyacinth",,P,S
Ingredient,Ingredient,Ingredient,"Bean, Lentil",,P,S
Ingredient,Ingredient,Ingredient,"Bean, Mung",,P,S
Ingredient,Ingredient,Ingredient,Beeswax,,P,A
Ingredient,Ingredient,Ingredient,Benzoic acid,,P,A
Ingredient,Ingredient,Ingredient,Besan (Chickpea),,P,S
Ingredient,Ingredient,Ingredient,Beta Carotene,,P,A
Ingredient,Ingredient,Ingredient,Beta Glucan (from Oats),,P,S
Ingredient,Ingredient,Ingredient,Betaine,,P,A
Ingredient,Ingredient,Ingredient,BHA,,P,A
Ingredient,Ingredient,Ingredient,BHT,,P,A
Ingredient,Ingredient,Ingredient,Bicarbonate of Soda,,P,A
Ingredient,Ingredient,Ingredient,Biotin,,P,A
Ingredient,Ingredient,Ingredient,Breadfruit (artocarpus altilis),,P,A
Ingredient,Ingredient,Ingredient,Brown Sugar,,P,A
Ingredient,Ingredient,Ingredient,Buckwheat,,P,S
Ingredient,Ingredient,Ingredient,Butter (check additives),,D,A
Ingredient,Ingredient,Ingredient,Butyl Compounds,,P,A
Ingredient,Ingredient,Ingredient,Butylated Hydroxyanisole,,P,A
Ingredient,Ingredient,Ingredient,Calcium Acetate,,P,A
Ingredient,Ingredient,Ingredient,Calcium Carbonate,,P,A
Ingredient,Ingredient,Ingredient,Calcium Caseinate,,P,A
Ingredient,Ingredient,Ingredient,Calcium Chloride,,P,A
Ingredient,Ingredient,Ingredient,Calcium Disodium,,P,A
Ingredient,Ingredient,Ingredient,Calcium Glutamate (E 623) - msg,,P,A
Ingredient,Ingredient,Ingredient,Calcium Hydroxide,,P,A
Ingredient,Ingredient,Ingredient,Calcium Lactate,,P,A
Ingredient,Ingredient,Ingredient,Calcium Pantothenate,,P,A
Ingredient,Ingredient,Ingredient,Calcium Phosphate,,P,A
Ingredient,Ingredient,Ingredient,Calcium Propionate,,P,A
Ingredient,Ingredient,Ingredient,Calcium Silicate,,P,A
Ingredient,Ingredient,Ingredient,Calcium Sorbate,,P,A
Ingredient,Ingredient,Ingredient,Calcium Stearate,,P,A
Ingredient,Ingredient,Ingredient,Calcium Stearoyl Lactylate,,P,A
Ingredient,Ingredient,Ingredient,Calcium Sulfate,,P,A
Ingredient,Ingredient,Ingredient,Cane Sugar,,P,A
Ingredient,Ingredient,Ingredient,Cane Vinegar,,P,A
Ingredient,Ingredient,Ingredient,Canola (Rapeseed),,P,A
Ingredient,Ingredient,Ingredient,Canola Oil (Rapeseed Oil),,P,A
Ingredient,Ingredient,Ingredient,Caprylic Acid,,P,A
Ingredient,Ingredient,Ingredient,Carageenan Chondrus Crispus,,P,A
Ingredient,Ingredient,Ingredient,Caramel Color,,P,A
Ingredient,Ingredient,Ingredient,Caramel Flavoring,,P,A
Ingredient,Ingredient,Ingredient,Carbonated Water,,P,A
Ingredient,Ingredient,Ingredient,Carboxymethyl Cellulose,,P,A
Ingredient,Ingredient,Ingredient,Carmine,,P,A
Ingredient,Ingredient,Ingredient,Carnauba Wax,,P,A
Ingredient,Ingredient,Ingredient,Carob Bean,,P,A
Ingredient,Ingredient,Ingredient,Carob Bean Gum,,P,A
Ingredient,Ingredient,Ingredient,Carob Flour,,P,A
Ingredient,Ingredient,Ingredient,Carrageenan,,P,A
Ingredient,Ingredient,Ingredient,Carrageenan (E 407) - msg,,P,A
Ingredient,Ingredient,Ingredient,Casein,,P,A
Ingredient,Ingredient,Ingredient,Cassava Manihot Esculenta,,P,A
Ingredient,Ingredient,Ingredient,Castor Oil,,P,A
Ingredient,Ingredient,Ingredient,Catalase,,P,A
Ingredient,Ingredient,Ingredient,Cellulose Ether,,P,A
Ingredient,Ingredient,Ingredient,Cellulose Gum,,P,A
Ingredient,Ingredient,Ingredient,Cellulose1,,P,A
Ingredient,Ingredient,Ingredient,Cetyl Alcohol,,P,A
Ingredient,Ingredient,Ingredient,Cetyl Stearyl Alcohol,,P,A
Ingredient,Ingredient,Ingredient,Chana Flour (Chickpea Flour),,P,S
Ingredient,Ingredient,Ingredient,Channa (Chickpea),,P,S
Ingredient,Ingredient,Ingredient,Chestnuts,,P,A
Ingredient,Ingredient,Ingredient,Chickpea,,P,S
Ingredient,Ingredient,Ingredient,Chocolate Liquor,,P,A
Ingredient,Ingredient,Ingredient,Choline Chloride,,P,A
Ingredient,Ingredient,Ingredient,Chromium Citrate,,P,A
Ingredient,Ingredient,Ingredient,Chufa (tigernut),,P,A
Ingredient,Ingredient,Ingredient,Chymosin,,P,A
Ingredient,Ingredient,Ingredient,Citric Acid,,P,A
Ingredient,Ingredient,Ingredient,Citrus Red No. 2,,P,A
Ingredient,Ingredient,Ingredient,Cocoa,,P,A
Ingredient,Ingredient,Ingredient,Cocoa Butter,,P,A
Ingredient,Ingredient,Ingredient,Coconut,,P,A
Ingredient,Ingredient,Ingredient,Coconut Vinegar,,P,A
Ingredient,Ingredient,Ingredient,Colloidal Silicon Dioxide,,P,A
Ingredient,Ingredient,Ingredient,Confectioner's Glaze,,P,A
Ingredient,Ingredient,Ingredient,Copernicia Cerifera,,P,A
Ingredient,Ingredient,Ingredient,Copper Sulphate,,P,A
Ingredient,Ingredient,Ingredient,Corn,,P,S
Ingredient,Ingredient,Ingredient,Corn Flour,,P,S
Ingredient,Ingredient,Ingredient,Corn Gluten,,P,S
Ingredient,Ingredient,Ingredient,Corn Masa Flour,,P,S
Ingredient,Ingredient,Ingredient,Corn Meal,,P,S
Ingredient,Ingredient,Ingredient,Corn Starch,,P,S
Ingredient,Ingredient,Ingredient,Corn Sugar,,P,S
Ingredient,Ingredient,Ingredient,Corn Sugar Vinegar,,P,S
Ingredient,Ingredient,Ingredient,Corn Swetener,,P,S
Ingredient,Ingredient,Ingredient,Corn Syrup,,P,S
Ingredient,Ingredient,Ingredient,Corn Syrup Solids,,P,S
Ingredient,Ingredient,Ingredient,Corn Vinegar,,P,S
Ingredient,Ingredient,Ingredient,Corn Zein,,P,S
Ingredient,Ingredient,Ingredient,Cotton Seed,,P,A
Ingredient,Ingredient,Ingredient,Cotton Seed Oil,,P,A
Ingredient,Ingredient,Ingredient,Cream of Tartar,,P,A
Ingredient,Ingredient,Ingredient,Dal (Lentils),,P,S
Ingredient,Ingredient,Ingredient,D-Alpha-tocopherol,,P,A
Ingredient,Ingredient,Ingredient,Dasheen Flour (Taro),,P,A
Ingredient,Ingredient,Ingredient,Dates,,P,A
Ingredient,Ingredient,Ingredient,D-Calcium Pantothenate,,P,A
Ingredient,Ingredient,Ingredient,Delactosed Whey,,P,A
Ingredient,Ingredient,Ingredient,Demineralized Whey,,P,A
Ingredient,Ingredient,Ingredient,Dextran,,P,A
Ingredient,Ingredient,Ingredient,Dextrin,,P,A
Ingredient,Ingredient,Ingredient,Dextrose,,P,A
Ingredient,Ingredient,Ingredient,Diglycerides,,P,A
Ingredient,Ingredient,Ingredient,Dioctyl Sodium,,P,A
Ingredient,Ingredient,Ingredient,Dioctyl Sodium Solfosuccinate,,P,A
Ingredient,Ingredient,Ingredient,Dipotassium Phosphate,,P,A
Ingredient,Ingredient,Ingredient,Disodium Guanylate,,P,A
Ingredient,Ingredient,Ingredient,Disodium Inosinate,,P,A
Ingredient,Ingredient,Ingredient,Disodium Phosphate,,P,A
Ingredient,Ingredient,Ingredient,Distilled White Vinegar,,P,A
Ingredient,Ingredient,Ingredient,Dutch Processed Cocoa,,P,A
Ingredient,Ingredient,Ingredient,Earth Almond (tigernut),,P,A
Ingredient,Ingredient,Ingredient,EDTA (Ethylenediaminetetraacetic Acid),,P,A
Ingredient,Ingredient,Ingredient,Egg Yolks,,P,A
Ingredient,Ingredient,Ingredient,Eggs,,P,A
Ingredient,Ingredient,Ingredient,Ester Gum,,P,A
Ingredient,Ingredient,Ingredient,Ethyl Alcohol,,P,A
Ingredient,Ingredient,Ingredient,Ethyl Maltol,,P,A
Ingredient,Ingredient,Ingredient,Ethyl Vanillin,,P,A
Ingredient,Ingredient,Ingredient,Ethylenediaminetetraacetic Acid,,P,A
Ingredient,Ingredient,Ingredient,Expeller Pressed Canola Oil,,P,A
Ingredient,Ingredient,Ingredient,FD&C Blue No. 1 Dye,,P,A
Ingredient,Ingredient,Ingredient,FD&C Blue No. 1 Lake,,P,A
Ingredient,Ingredient,Ingredient,FD&C Blue No. 2 Dye,,P,A
Ingredient,Ingredient,Ingredient,FD&C Blue No. 2 Lake,,P,A
Ingredient,Ingredient,Ingredient,FD&C Green No. 3 Dye,,P,A
Ingredient,Ingredient,Ingredient,FD&C Green No. 3 Lake,,P,A
Ingredient,Ingredient,Ingredient,FD&C Red No. 3 Dye,,P,A
Ingredient,Ingredient,Ingredient,FD&C Red No. 40 Dye,,P,A
Ingredient,Ingredient,Ingredient,FD&C Red No. 40 Lake,,P,A
Ingredient,Ingredient,Ingredient,FD&C Yellow No. 5 Dye,,P,A
Ingredient,Ingredient,Ingredient,FD&C Yellow No. 6 Dye,,P,A
Ingredient,Ingredient,Ingredient,FD&C Yellow No. 6 Lake,,P,A
Ingredient,Ingredient,Ingredient,Ferric Orthophosphate,,P,A
Ingredient,Ingredient,Ingredient,Ferrous Fumerate,,P,A
Ingredient,Ingredient,Ingredient,Ferrous Gluconate,,P,A
Ingredient,Ingredient,Ingredient,Ferrous Lactate,,P,A
Ingredient,Ingredient,Ingredient,Ferrous Sulfate,,P,A
Ingredient,Ingredient,Ingredient,Flaked Rice,,P,S
Ingredient,Ingredient,Ingredient,Flavoring,,P,A
Ingredient,Ingredient,Ingredient,Flavoring Extracts,,P,A
Ingredient,Ingredient,Ingredient,Flax,,P,A
Ingredient,Ingredient,Ingredient,Folacin,,P,A
Ingredient,Ingredient,Ingredient,Folate,,P,A
Ingredient,Ingredient,Ingredient,Folic Acid-Folacin,,P,A
Ingredient,Ingredient,Ingredient,Fonio (millet),,P,A
Ingredient,Ingredient,Ingredient,Food Starch,,P,A
Ingredient,Ingredient,Ingredient,Food Starch Modified,,P,A
Ingredient,Ingredient,Ingredient,Formaldehyde,,P,A
Ingredient,Ingredient,Ingredient,Fructose,,P,A
Ingredient,Ingredient,Ingredient,Fruit (including dried),,P,A
Ingredient,Ingredient,Ingredient,Fruit Vinegar,,P,A
Ingredient,Ingredient,Ingredient,Fumaric Acid,,P,A
Ingredient,Ingredient,Ingredient,Galactose,,P,A
Ingredient,Ingredient,Ingredient,Garbanzo Beans,,P,S
Ingredient,Ingredient,Ingredient,Gelatin,,P,A
Ingredient,Ingredient,Ingredient,Glucoamylase,,P,A
Ingredient,Ingredient,Ingredient,Gluconolactone,,P,A
Ingredient,Ingredient,Ingredient,Glucose,,P,A
Ingredient,Ingredient,Ingredient,Glucose Syrup,,P,A
Ingredient,Ingredient,Ingredient,Glutamate (E 620) - msg,,P,A
Ingredient,Ingredient,Ingredient,Glutamic acid (E 620) - msg,,P,A
Ingredient,Ingredient,Ingredient,Glutamine (amino acid),,P,A
Ingredient,Ingredient,Ingredient,Glutinous Rice,,P,A
Ingredient,Ingredient,Ingredient,Glutinous Rice Flour,,P,A
Ingredient,Ingredient,Ingredient,Glycerides,,P,A
Ingredient,Ingredient,Ingredient,Glycerin,,P,A
Ingredient,Ingredient,Ingredient,Glycerol Monooleate,,P,A
Ingredient,Ingredient,Ingredient,Glycol,,P,A
Ingredient,Ingredient,Ingredient,Glycol Monosterate,,P,A
Ingredient,Ingredient,Ingredient,Glycolic acid,,P,A
Ingredient,Ingredient,Ingredient,Gram flour (chick peas),,P,A
Ingredient,Ingredient,Ingredient,Grape Skin Extract,,P,A
Ingredient,Ingredient,Ingredient,"Grits, Corn",,P,S
Ingredient,Ingredient,Ingredient,Guar Gum,,P,A
Ingredient,Ingredient,Ingredient,Gum Acacia,,P,A
Ingredient,Ingredient,Ingredient,Gum Arabic,,P,A
Ingredient,Ingredient,Ingredient,Gum Base,,P,A
Ingredient,Ingredient,Ingredient,Gum Tragacanth,,P,A
Ingredient,Ingredient,Ingredient,Hemp,,P,A
Ingredient,Ingredient,Ingredient,Hemp Seeds,,P,A
Ingredient,Ingredient,Ingredient,Herb Vinegar,,P,A
Ingredient,Ingredient,Ingredient,Herbs,,P,A
Ingredient,Ingredient,Ingredient,Hexanedioic Acid,,P,A
Ingredient,Ingredient,Ingredient,High Fructose Corn Syrup,,P,A
Ingredient,Ingredient,Ingredient,Hominy,,P,A
Ingredient,Ingredient,Ingredient,Honey,,P,A
Ingredient,Ingredient,Ingredient,Horseradish (Pure),,P,A
Ingredient,Ingredient,Ingredient,HPP,,P,A
Ingredient,Ingredient,Ingredient,HVP,,P,A
Ingredient,Ingredient,Ingredient,Hyacinth Bean,,P,A
Ingredient,Ingredient,Ingredient,Hydrogen Peroxide,,P,A
Ingredient,Ingredient,Ingredient,Hydrolyzed Caseinate,,P,A
Ingredient,Ingredient,Ingredient,Hydrolyzed Plant Protein,,P,A
Ingredient,Ingredient,Ingredient,Hydrolyzed Protein,,P,A
Ingredient,Ingredient,Ingredient,Hydrolyzed Soy Protein,,P,A
Ingredient,Ingredient,Ingredient,Hydrolyzed Vegetable Protein,,P,A
Ingredient,Ingredient,Ingredient,Hydroxypropyl Cellulose,,P,A
Ingredient,Ingredient,Ingredient,Hydroxypropyl Methylcellulose,,P,A
Ingredient,Ingredient,Ingredient,Inulin,,P,A
Ingredient,Ingredient,Ingredient,Invert Sugar,,P,A
Ingredient,Ingredient,Ingredient,Iodine,,P,A
Ingredient,Ingredient,Ingredient,Iron Ammonium Citrate,,P,A
Ingredient,Ingredient,Ingredient,Isolated Soy Protein,,P,A
Ingredient,Ingredient,Ingredient,Isomalt,,P,A
Ingredient,Ingredient,Ingredient,Job's Tears,,P,S
Ingredient,Ingredient,Ingredient,Jowar (Sorghum),,P,A
Ingredient,Ingredient,Ingredient,Karaya Gum,,P,A
Ingredient,Ingredient,Ingredient,Kasha (roasted buckwheat),,P,S
Ingredient,Ingredient,Ingredient,K-Carmine Color,,P,A
Ingredient,Ingredient,Ingredient,Keratin,,P,A
Ingredient,Ingredient,Ingredient,K-Gelatin,,P,A
Ingredient,Ingredient,Ingredient,Koshihikari (rice),,P,S
Ingredient,Ingredient,Ingredient,Kudzu,,P,A
Ingredient,Ingredient,Ingredient,Kudzu Root Starch,,P,A
Ingredient,Ingredient,Ingredient,Lactalbumin Phosphate,,P,A
Ingredient,Ingredient,Ingredient,Lactase,,P,A
Ingredient,Ingredient,Ingredient,Lactic Acid,,P,A
Ingredient,Ingredient,Ingredient,Lactitol,,P,A
Ingredient,Ingredient,Ingredient,Lactose,,P,A
Ingredient,Ingredient,Ingredient,Lactulose,,P,A
Ingredient,Ingredient,Ingredient,Lanolin,,P,A
Ingredient,Ingredient,Ingredient,Lecithin,,P,A
Ingredient,Ingredient,Ingredient,Lemon Grass,,P,A
Ingredient,Ingredient,Ingredient,Lentils,,P,A
Ingredient,Ingredient,Ingredient,Licorice,,P,A
Ingredient,Ingredient,Ingredient,Licorice Extract,,P,A
Ingredient,Ingredient,Ingredient,Locust Bean Gum,,P,A
Ingredient,Ingredient,Ingredient,Magnesium Carbonate,,P,A
Ingredient,Ingredient,Ingredient,Magnesium Glutamate (E 625),,P,A
Ingredient,Ingredient,Ingredient,Magnesium Hydroxide,,P,A
Ingredient,Ingredient,Ingredient,Magnesium Oxide,,P,A
Ingredient,Ingredient,Ingredient,Maize,,P,S
Ingredient,Ingredient,Ingredient,Maize Waxy,,P,S
Ingredient,Ingredient,Ingredient,Malic Acid,,P,A
Ingredient,Ingredient,Ingredient,Maltitol,,P,A
Ingredient,Ingredient,Ingredient,Maltodextrin ,,P,A
Ingredient,Ingredient,Ingredient,Maltol,,P,A
Ingredient,Ingredient,Ingredient,Maltose,,P,A
Ingredient,Ingredient,Ingredient,Manganese Sulfate,,P,A
Ingredient,Ingredient,Ingredient,Manioc,,P,A
Ingredient,Ingredient,Ingredient,Masa,,P,S
Ingredient,Ingredient,Ingredient,Masa Flour,,P,S
Ingredient,Ingredient,Ingredient,Masa Harina,,P,S
Ingredient,Ingredient,Ingredient,Medium Chain Triglycerides,,P,A
Ingredient,Ingredient,Ingredient,Milk,,D,A
Ingredient,Ingredient,Ingredient,Milk Protein Isolate,,D,A
Ingredient,Ingredient,Ingredient,Millet,,P,S
Ingredient,Ingredient,Ingredient,Milo (Sorghum),,P,A
Ingredient,Ingredient,Ingredient,Mineral Oil,,P,A
Ingredient,Ingredient,Ingredient,Mineral Salts,,P,A
Ingredient,Ingredient,Ingredient,Mixed Tocopherols,,P,A
Ingredient,Ingredient,Ingredient,Modified Food Starch,,P,A
Ingredient,Ingredient,Ingredient,Modified Starch,,P,A
Ingredient,Ingredient,Ingredient,Molybdenum Amino Acid Chelate,,P,A
Ingredient,Ingredient,Ingredient,Mono and Diglycerides,,P,A
Ingredient,Ingredient,Ingredient,Monoammonium Glutamate (E 624) - msg,,P,A
Ingredient,Ingredient,Ingredient,Monocalcium Phosphate,,P,A
Ingredient,Ingredient,Ingredient,Monoglycerides,,P,A
Ingredient,Ingredient,Ingredient,Monopotassium Glutamate (E 622) - msg,,P,A
Ingredient,Ingredient,Ingredient,Monopotassium Phosphate,,P,A
Ingredient,Ingredient,Ingredient,Monosaccharides,,P,A
Ingredient,Ingredient,Ingredient,Monosodium Glutamate (E 621) - msg,,P,A
Ingredient,Ingredient,Ingredient,Monostearates,,P,A
Ingredient,Ingredient,Ingredient,MSG,,P,A
Ingredient,Ingredient,Ingredient,Mung Bean,,P,S
Ingredient,Ingredient,Ingredient,Mustard Flour,,P,S
Ingredient,Ingredient,Ingredient,Myristic Acid,,P,A
Ingredient,Ingredient,Ingredient,Natrium Glutamate (msg),,P,A
Ingredient,Ingredient,Ingredient,Natural Flavoring,,P,A
Ingredient,Ingredient,Ingredient,Natural Flavors,,P,A
Ingredient,Ingredient,Ingredient,Natural Smoke Flavor,,P,A
Ingredient,Ingredient,Ingredient,Neotame,,P,A
Ingredient,Ingredient,Ingredient,Niacin,,P,A
Ingredient,Ingredient,Ingredient,Niacinamide,,P,A
Ingredient,Ingredient,Ingredient,Niacin-Niacinamide,,P,A
Ingredient,Ingredient,Ingredient,Nitrates,,P,A
Ingredient,Ingredient,Ingredient,Nitrous Oxide,,P,A
Ingredient,Ingredient,Ingredient,Non-fat Milk,,D,A
Ingredient,Ingredient,Ingredient,"Nut, Acron",,P,A
Ingredient,Ingredient,Ingredient,"Nut, Almond",,P,A
Ingredient,Ingredient,Ingredient,Nuts,,P,A
Ingredient,Ingredient,Ingredient,Oats,,P,S
Ingredient,Ingredient,Ingredient,Oleic Acid,,P,A
Ingredient,Ingredient,Ingredient,Orange B,,P,A
Ingredient,Ingredient,Ingredient,Palmitic Acid,,P,A
Ingredient,Ingredient,Ingredient,Pantothenic Acid,,P,A
Ingredient,Ingredient,Ingredient,Paprika,,P,A
Ingredient,Ingredient,Ingredient,Patially Hydrogenated Cottonseed Oil,,P,A
Ingredient,Ingredient,Ingredient,Patially Hydrogenated Soybean Oil,,P,A
Ingredient,Ingredient,Ingredient,Pea - Chick,,P,S
Ingredient,Ingredient,Ingredient,Pea - Cow,,P,S
Ingredient,Ingredient,Ingredient,Pea Flour,,P,S
Ingredient,Ingredient,Ingredient,Pea Starch,,P,S
Ingredient,Ingredient,Ingredient,Peanut Flour,,P,S
Ingredient,Ingredient,Ingredient,Peanuts,,P,S
Ingredient,Ingredient,Ingredient,Pearl Millet,,P,S
Ingredient,Ingredient,Ingredient,Peas,,P,S
Ingredient,Ingredient,Ingredient,Pectin (E 440),,P,A
Ingredient,Ingredient,Ingredient,Pectinase,,P,A
Ingredient,Ingredient,Ingredient,Peppermint Oil,,P,A
Ingredient,Ingredient,Ingredient,Peppers,,P,A
Ingredient,Ingredient,Ingredient,Phosphoric Acid,,P,A
Ingredient,Ingredient,Ingredient,Phosphoric Glycol,,P,A
Ingredient,Ingredient,Ingredient,Polydextrose,,P,A
Ingredient,Ingredient,Ingredient,Polyethylene Glycol,,P,A
Ingredient,Ingredient,Ingredient,Polyglycerol,,P,A
Ingredient,Ingredient,Ingredient,Polyglycerol Polyricinoleate (PGPR),,P,A
Ingredient,Ingredient,Ingredient,Polysorbate 60,,P,A
Ingredient,Ingredient,Ingredient,Polysorbate 80,,P,A
Ingredient,Ingredient,Ingredient,Polysorbates,,P,A
Ingredient,Ingredient,Ingredient,Potassium Benzoate,,P,A
Ingredient,Ingredient,Ingredient,Potassium Caseinate,,P,A
Ingredient,Ingredient,Ingredient,Potassium Citrate,,P,A
Ingredient,Ingredient,Ingredient,Potassium Iodide,,P,A
Ingredient,Ingredient,Ingredient,Potassium Lactate,,P,A
Ingredient,Ingredient,Ingredient,Potassium Matabisulphite,,P,A
Ingredient,Ingredient,Ingredient,Potassium Sorbate,,P,A
Ingredient,Ingredient,Ingredient,Potato Flour,,P,A
Ingredient,Ingredient,Ingredient,Potato Starch,,P,A
Ingredient,Ingredient,Ingredient,Potatoes,,P,A
Ingredient,Ingredient,Ingredient,Propyl Gallate,,P,A
Ingredient,Ingredient,Ingredient,Propylene Glycol,,P,A
Ingredient,Ingredient,Ingredient,Propylene Glycol Monosterate,,P,A
Ingredient,Ingredient,Ingredient,Psyllium,,P,A
Ingredient,Ingredient,Ingredient,Pyridoxine Hydrochloride,,P,A
Ingredient,Ingredient,Ingredient,Quinoa,,P,A
Ingredient,Ingredient,Ingredient,Resinous Glaze,,P,A
Ingredient,Ingredient,Ingredient,Riboflavin,,P,A
Ingredient,Ingredient,Ingredient,Rice,,P,S
Ingredient,Ingredient,Ingredient,Rice (Enriched),,P,S
Ingredient,Ingredient,Ingredient,Rice Flour,,P,S
Ingredient,Ingredient,Ingredient,Rice Starch,,P,S
Ingredient,Ingredient,Ingredient,Rice Syrup,,P,S
Ingredient,Ingredient,Ingredient,Rice Vinegar,,P,S
Ingredient,Ingredient,Ingredient,Ricinoleic Acid,,P,A
Ingredient,Ingredient,Ingredient,Romano Bean (chickpea),,P,S
Ingredient,Ingredient,Ingredient,Saccharin,,P,A
Ingredient,Ingredient,Ingredient,Saffron,,P,A
Ingredient,Ingredient,Ingredient,Sago,,P,A
Ingredient,Ingredient,Ingredient,Sago Flour,,P,A
Ingredient,Ingredient,Ingredient,Sago Palm,,P,A
Ingredient,Ingredient,Ingredient,Sago Starch,,P,A
Ingredient,Ingredient,Ingredient,Saifun (bean threads),,P,S
Ingredient,Ingredient,Ingredient,Salt,,P,A
Ingredient,Ingredient,Ingredient,Seaweed,,P,A
Ingredient,Ingredient,Ingredient,Seed - Sesame,,P,A
Ingredient,Ingredient,Ingredient,Seed - Sunflower,,P,A
Ingredient,Ingredient,Ingredient,Silicon Dioxide,,P,A
Ingredient,Ingredient,Ingredient,Smoke Flavoring,,P,A
Ingredient,Ingredient,Ingredient,Soba ,,P,S
Ingredient,Ingredient,Ingredient,Sodium Acetate,,P,A
Ingredient,Ingredient,Ingredient,Sodium Acid Pyrophosphate,,P,A
Ingredient,Ingredient,Ingredient,Sodium Alginate,,P,A
Ingredient,Ingredient,Ingredient,Sodium Ascorbate,,P,A
Ingredient,Ingredient,Ingredient,Sodium Benzoate,,P,A
Ingredient,Ingredient,Ingredient,Sodium Caseinate (msg),,P,A
Ingredient,Ingredient,Ingredient,Sodium Citrate,,P,A
Ingredient,Ingredient,Ingredient,Sodium Erythrobate,,P,A
Ingredient,Ingredient,Ingredient,Sodium Hexametaphosphate,,P,A
Ingredient,Ingredient,Ingredient,Sodium Hydrogen Glutamate (msg),,P,A
Ingredient,Ingredient,Ingredient,Sodium Lactate,,P,A
Ingredient,Ingredient,Ingredient,Sodium Lauryl Sulfate,,P,A
Ingredient,Ingredient,Ingredient,Sodium Metabisulphite,,P,A
Ingredient,Ingredient,Ingredient,Sodium Nitrate,,P,A
Ingredient,Ingredient,Ingredient,Sodium Phosphate,,P,A
Ingredient,Ingredient,Ingredient,Sodium Polyphosphate,,P,A
Ingredient,Ingredient,Ingredient,Sodium Silaco Aluminate,,P,A
Ingredient,Ingredient,Ingredient,Sodium Stannate,,P,A
Ingredient,Ingredient,Ingredient,Sodium Stearoyl Lactylate,,P,A
Ingredient,Ingredient,Ingredient,Sodium Sulphite,,P,A
Ingredient,Ingredient,Ingredient,Sodium Tripolyphosphate,,P,A
Ingredient,Ingredient,Ingredient,Sorbic Acid,,P,A
Ingredient,Ingredient,Ingredient,Sorbitan Monostearate,,P,A
Ingredient,Ingredient,Ingredient,Sorbitol-Mannitol (can cause IBS symptoms),,P,A
Ingredient,Ingredient,Ingredient,Sorghum,,P,A
Ingredient,Ingredient,Ingredient,Sorghum Flour,,P,A
Ingredient,Ingredient,Ingredient,Soy,,P,S
Ingredient,Ingredient,Ingredient,Soy Lecithin,,P,S
Ingredient,Ingredient,Ingredient,Soy Protein,,P,S
Ingredient,Ingredient,Ingredient,Soy Protein Concentrate,,P,S
Ingredient,Ingredient,Ingredient,Soy Protein Isolate,,P,S
Ingredient,Ingredient,Ingredient,Soybean,,P,S
Ingredient,Ingredient,Ingredient,"Starch (the single word ingredient is, by law, cornstarch)",,P,S
Ingredient,Ingredient,Ingredient,Stearamide,,P,A
Ingredient,Ingredient,Ingredient,Stearamine,,P,A
Ingredient,Ingredient,Ingredient,Stearates,,P,A
Ingredient,Ingredient,Ingredient,Stearic Acid,,P,A
Ingredient,Ingredient,Ingredient,Stearyl Lactate,,P,A
Ingredient,Ingredient,Ingredient,Stevia,,P,A
Ingredient,Ingredient,Ingredient,Succotash (corn and beans),,P,S
Ingredient,Ingredient,Ingredient,Sucralose,,P,A
Ingredient,Ingredient,Ingredient,Sucrose,,P,A
Ingredient,Ingredient,Ingredient,Sulfites,,P,A
Ingredient,Ingredient,Ingredient,Sulfosuccinate,,P,A
Ingredient,Ingredient,Ingredient,Sulfur Dioxide,,P,A
Ingredient,Ingredient,Ingredient,Sunflower Seed,,P,A
Ingredient,Ingredient,Ingredient,Sweet Chestnut Flour,,P,A
Ingredient,Ingredient,Ingredient,Tapioca,,P,A
Ingredient,Ingredient,Ingredient,Tapioca Flour,,P,A
Ingredient,Ingredient,Ingredient,Tapioca Starch,,P,A
Ingredient,Ingredient,Ingredient,Taro,,P,A
Ingredient,Ingredient,Ingredient,Tarro,,P,A
Ingredient,Ingredient,Ingredient,Tartaric Acid,,P,A
Ingredient,Ingredient,Ingredient,Tartrazine,,P,A
Ingredient,Ingredient,Ingredient,TBHQ is Tetra or Tributylhydroquinone,,P,A
Ingredient,Ingredient,Ingredient,Tea,,P,A
Ingredient,Ingredient,Ingredient,Tea-Tree Oil,,P,A
Ingredient,Ingredient,Ingredient,Teff,,P,A
Ingredient,Ingredient,Ingredient,Teff Flour,,P,A
Ingredient,Ingredient,Ingredient,Tepary Bean,,P,S
Ingredient,Ingredient,Ingredient,Textured Soy Protein,,P,S
Ingredient,Ingredient,Ingredient,Textured Vegetable Protein,,P,A
Ingredient,Ingredient,Ingredient,Thiamin Hydrochloride,,P,A
Ingredient,Ingredient,Ingredient,Thiamine Hydrochloride,,P,A
Ingredient,Ingredient,Ingredient,Thiamine Mononitrate,,P,A
Ingredient,Ingredient,Ingredient,Titanium Dioxide,,P,A
Ingredient,Ingredient,Ingredient,Tofu (Soy Curd),,P,S
Ingredient,Ingredient,Ingredient,Torula Yeast (msg),,P,A
Ingredient,Ingredient,Ingredient,Tricalcium Phosphate,,P,A
Ingredient,Ingredient,Ingredient,Tri-Calcium Phosphate,,P,A
Ingredient,Ingredient,Ingredient,Turmeric (Kurkuma),,P,A
Ingredient,Ingredient,Ingredient,TVP,,P,A
Ingredient,Ingredient,Ingredient,Tyrosine,,P,A
Ingredient,Ingredient,Ingredient,Urad/Urid Beans,,P,S
Ingredient,Ingredient,Ingredient,Urad/Urid Dal (peas) Vegetables,,P,S
Ingredient,Ingredient,Ingredient,Urad/Urid flour,,P,S
Ingredient,Ingredient,Ingredient,Vanilla Extract,,P,A
Ingredient,Ingredient,Ingredient,Vanilla Flavoring,,P,A
Ingredient,Ingredient,Ingredient,Vanillin,,P,A
Ingredient,Ingredient,Ingredient,Vitamin A (retinol),,P,A
Ingredient,Ingredient,Ingredient,Vitamin A Palmitate,,P,A
Ingredient,Ingredient,Ingredient,Vitamin B1,,P,A
Ingredient,Ingredient,Ingredient,Vitamin B-12,,P,A
Ingredient,Ingredient,Ingredient,Vitamin B2,,P,A
Ingredient,Ingredient,Ingredient,Vitamin B6,,P,A
Ingredient,Ingredient,Ingredient,Vitamin D,,P,A
Ingredient,Ingredient,Ingredient,Vitamin E Acetate,,P,A
Ingredient,Ingredient,Ingredient,Waxy Maize,,P,A
Ingredient,Ingredient,Ingredient,Whey,,P,A
Ingredient,Ingredient,Ingredient,Whey Protein,,P,A
Ingredient,Ingredient,Ingredient,Whey Protein Concentrate,,P,A
Ingredient,Ingredient,Ingredient,Whey Protein Isolate,,P,A
Ingredient,Ingredient,Ingredient,White Vinegar,,P,A
Ingredient,Ingredient,Ingredient,Wild Rice,,P,S
Ingredient,Ingredient,Ingredient,Xanthan Gum,,P,A
Ingredient,Ingredient,Ingredient,Xylitol,,P,A
Ingredient,Ingredient,Ingredient,Yam Flour,,P,A
Ingredient,Ingredient,Ingredient,Yeast Extract (msg),,P,A
Ingredient,Ingredient,Ingredient,Yeast Food (msg),,P,A
Ingredient,Ingredient,Ingredient,Yeast Nutrient (msg),,P,A
Ingredient,Ingredient,Ingredient,Yellow Nutsedge (tigernut),,P,A
Ingredient,Ingredient,Ingredient,"Yogurt (plain, unflavored)",,D,A
Ingredient,Ingredient,Ingredient,Zinc Oxide,,P,A
Ingredient,Ingredient,Ingredient,Zinc Proteinate,,P,A
Ingredient,Ingredient,Ingredient,Zinc Sulfate,,P,A
Non-Foods,All Brands,Health & Beauty Aids,All Health & Beauty Aids,"all items that are not a food or are inedible, are usable for Pesah. (even if ingredients have a wheat or barley base)",n/a,A
Non-Foods,All Brands,Paper Goods & Detergents,All Paper Goods & Detergents,"all items that are not a food or are inedible, are usable for Pesah. (even if ingredients have a wheat or barley base)",n/a,A
Seafood,All Brands,Fresh & Frozen Fish,Fish frozen & fresh (all),All Kosher fish,P,A
Seafood,All Brands,Lox,Smoked Salmon (LOX),"with the following ingredients only; Salmon, Salt, Sugar, Natural Hardwood Smoke, Sodium Nitrate, & /or Potassium Sorbate",P,A
Seafood,Bumble Bee,Canned Fish,Salmon,Skinless and Boneless Pink Salmon,P,A
Seafood,Bumble Bee,Canned Fish,Salmon,Keta Salmon,P,A
Seafood,Bumble Bee,Canned Fish,Salmon,Pink Salmon,P,A
Seafood,Bumble Bee,Canned Fish,Salmon,Blueback Salmon,P,A
Seafood,Bumble Bee,Canned Fish,Salmon,Red Salmon,P,A
Seafood,Bumble Bee,Canned Fish,Sardines,Sardines in Mustard,P,A
Seafood,Bumble Bee,Canned Fish,Sardines,Sardines in Hot Sauce,P,A
Seafood,Bumble Bee,Canned Fish,Sardines,Sardines in Oil,P,A
Seafood,Bumble Bee,Canned Fish,Sardines,Sardines in Water,P,A
Seafood,Bumble Bee,Canned Fish,Tuna,Solid White Albacore in water (& Prime Fillet),P,A
Seafood,Bumble Bee,Canned Fish,Tuna,Solid white albacore in oil (& prime fillet),P,A
Seafood,Bumble Bee,Canned Fish,Tuna,Chunk Light Tuna in Oil,P,A
Seafood,Bumble Bee,Canned Fish,Tuna,CORAL Chunk Light Tuna in Water,P,A
Seafood,Bumble Bee,Canned Fish,Tuna,Chunk Light Tuna in Water,P,A
Seafood,Bumble Bee,Canned Fish,Tuna,Chunk Light Tuna in Water Pouch,P,A
Seafood,Bumble Bee,Canned Fish,Tuna,Chunk White Albacore Very Low Sodium in Water,P,A
Seafood,Bumble Bee,Canned Fish,Tuna,Chunk White Albacore in Oil,P,A
Seafood,Bumble Bee,Canned Fish,Tuna,Chunk White Albacore in Water,P,A
Seafood,Bumble Bee,Canned Fish,Tuna,Premium Albacore Tuna in Water Pouch,P,A
Seafood,Bumble Bee,Canned Fish,Tuna,Solid White Albacore in Oil,P,A
Seafood,Bumble Bee,Canned Fish,Tuna,Solid White Albacore in Water,P,A
seafood,StarKist®,Canned Fish,Tuna,Chunk Light in Water,P,A
seafood,StarKist®,Canned Fish,Tuna,Chunk light in oil,P,A
seafood,StarKist®,Canned Fish,Tuna,chunk white albacore in water,P,A
seafood,StarKist®,Canned Fish,Tuna,solid white albacore in water,P,A
seafood,StarKist®,Canned Fish,Tuna,solid white albacore in oil,P,A
seafood,StarKist®,Canned Fish,Tuna,Starkist Selects chunk light in water,P,A
seafood,StarKist®,Canned Fish,Tuna,Starkist Selects solid light in water,P,A
seafood,StarKist®,Canned Fish,Tuna,Starkist Selects Solid light in olive oil,P,A
seafood,StarKist®,Canned Fish,Tuna,Starkist Selects Solid white Albacore in water,P,A
seafood,StarKist®,Canned Fish,Tuna,Starkist Selects low sodium chunk light in water,P,A
seafood,StarKist®,Canned Fish,Tuna,Starkist Selects very low sodium chunk white albacore in water,P,A
Snacks & Candy,All Brands,Nuts,Nuts,all 100% nuts with salt (except Peanuts & Soyvbeans for Ashkenazim),P,A
Snacks & Candy,All Brands,Nuts,Nuts Roasted (all 100% nuts with salt &/or citric acid),(except Peanuts & Soyvbeans for Ashkenazim),P,A
Snacks & Candy,General Mills,Snacks,Bugles (Original),,P,S
Snacks & Candy,General Mills,Snacks,Bugles Caramel,,D,S
Snacks & Candy,General Mills,Snacks,Bugles Chocolate Peanut Butter,,P,S
Snacks & Candy,General Mills,Snacks,Bugles Ranch,,D,S
Snacks & Candy,Nestle®,chocolate,Baby Ruth,,D,A
Snacks & Candy,Nestle®,Chocolate,Bit-O-Honey,,P,S
Snacks & Candy,Nestle®,Chocolate,Butterfinger Bar,not the BF Crisp or other BF mixes,D,S
Snacks & Candy,Nestle®,Chocolate,Goobers,,D,A
Snacks & Candy,Nestle®,Chocolate,Milk Chocolate,,D,A
Snacks & Candy,Nestle®,Chocolate,Nips,,D,A
Snacks & Candy,Nestle®,Chocolate,Oh Henry!,,D,A
Snacks & Candy,Nestle®,Chocolate,Raisinets,,D,A
Snacks & Candy,Nestle®,Chocolate,Sno-Caps,,D,A
Snacks & Candy,Nestle® Wonka Candy,candy,Laffy Taffy,,P,A
Snacks & Candy,Nestle® Wonka Candy,candy,Laffy Taffy Rope,,P,A
Snacks & Candy,Osem,corn snack,Bamba Snacks,,P,S
Snacks & Candy,Planter's,peanut snack,Peanut Bar,original,P,S
Snacks & Candy,Pop Secret,popcorn,Microwave popcorn,94% fat free Butter,D,S
Snacks & Candy,Pop Secret,popcorn,Microwave popcorn,94% fat free Kettle Corn,D,S
Snacks & Candy,Pop Secret,popcorn,Microwave popcorn,Butter,D,S
Snacks & Candy,Pop Secret,popcorn,Microwave popcorn,Extra Butter,D,S
Snacks & Candy,Pop Secret,popcorn,Microwave popcorn,Homestyle,D,S
Snacks & Candy,Post,Cereal Bars,Cocoa Pebbles Treats,,D,S
Snacks & Candy,Post,Cereal Bars,Fruity Pebbles Treats,,D,S
Snacks & Candy,Quaker,rice snacks,Rice Cakes,Salt Free,P,S
Snacks & Candy,Shufra ,CANDY,Gourmet Halvah,"Plain, Cranberry",,S
Snacks & Candy,Skinny ,Chips,"Skinny Natural Corn Chips, BBQ",,P,S
Snacks & Candy,Skinny ,Chips,"Skinny Natural Corn Chips, Original",,P,S
Snacks & Candy,Snickers,chocolate,chocolate bar,,D,S
Snacks & Candy,Stretch Island ,DRIED FRUITS & NUTS,"Fruit Leather,  Berry    Blackberry",,P,A
Snacks & Candy,Stretch Island ,DRIED FRUITS & NUTS,"Fruit Strips, Abundant Apricot*",,P,A
Snacks & Candy,Stretch Island ,DRIED FRUITS & NUTS,"Fruit Strips, Harvest Grape",,P,A
Snacks & Candy,Stretch Island ,DRIED FRUITS & NUTS,"Fruit Strips, Ripened Raspberry",,P,A
Snacks & Candy,Sweet-n-Low,candy,Sugar-free hard candies,Fruit Splash,P,A
Snacks & Candy,Sweet-n-Low,candy,Sugar-free hard candies,International Coffee Flavor,P,A
Snacks & Candy,Sweet-n-Low,candy,Sugar-free hard candies,Rich Butterscotch,P,A
Snacks & Candy,Terra ,Chips,Blues Potato Chips,,P,A
Snacks & Candy,Terra ,Chips,Sweet Potato Chips,,P,A
Snacks & Candy,the ginger people ,CANDY,Ginger Chews,,,S
Snacks & Candy,"TOOTSIE ROLL INDUSTRIES, INC",candy,Tootsie Pops,,D,A
Snacks & Candy,"TOOTSIE ROLL INDUSTRIES, INC",candy,Tootsie Rolls,,D,A
Snacks & Candy,Trader Joe's,Protein Bars,Chewy Chocolate & Peanut Butter Protein Bars,,D,S
Snacks & Candy,Trader Joe's,Plaintain Chips,Dark Chocolate Drizzled Plantain Chips,,D,A
Snacks & Candy,Trader Joe's,Potato Chips,Everything But The Bagel Seasoned Potato Chips,,P,A
Snacks & Candy,Trader Joe's,Taco Shells,Organic Stone Ground Yellow Corn Taco Shells,,P,A
Snacks & Candy,Wise,potato snacks,Potato Chips,All Natural,P,A
Snacks & Candy,Wise,potato snacks,Potato Chips,Lightly Salted,P,A
Snacks & Candy,Wrigley's Gum,gum,all flavors and sub-brands,,P,A
Spices,All Brands,non-blended spices,"All plain spices that just contain one spice, where the ingredient is only that spice, are fine.",,P,A
Spices,Lawry (Lipton),Blended Spices,Black Pepper Seasoned Salt,,P,A
Spices,Lawry (Lipton),Blended Spices,Garlic Bread Spread RTU,,P,A
Spices,Lawry (Lipton),Blended Spices,Garlic Pepper,,P,A
Spices,Lawry (Lipton),Blended Spices,Garlic Powder w/Green Onion Flakes,,P,A
Spices,Lawry (Lipton),Blended Spices,Garlic Salt,,P,A
Spices,Lawry (Lipton),Blended Spices,Garlic Salt w/Parsley,,P,A
Spices,Lawry (Lipton),Blended Spices,Garlic Spread Concentrate,,P,A
Spices,Lawry (Lipton),Blended Spices,Lemon Pepper,,P,A
Spices,Lawry (Lipton),Blended Spices,Pinch of Herbs,,P,A
Spices,Lawry (Lipton),Blended Spices,Red Pepper Seasoned Salt,,P,A
Spices,Lawry (Lipton),Blended Spices,Salt-Free 17,,P,A
Spices,Lawry (Lipton),Blended Spices,Seasoned Pepper,,P,A
Spices,Lawry (Lipton),Blended Spices,Seasoned Salt,,P,A
Spices,Lawry (Lipton),Blended Spices,Seasoned Salt-Free,,P,A